run_id,timestamp,backend,model,quant,input_tokens,output_tokens,concurrency,ttft_ms,tpot_ms,e2e_latency_ms,backend_latency_ms,tokens_per_second,status
matrix_llama_gguf-q4_k_m_128in_64out_c1,2026-06-17T16:20:19.916677+00:00,llama,qwen2.5-7b-instruct-Q4_K_M,gguf-q4_k_m,128,64,1,830.816381000659,12.981505953135297,830.816381000659,830.816381000659,77.03266505520338,success
matrix_llama_gguf-q4_k_m_128in_64out_c1,2026-06-17T16:20:19.916677+00:00,llama,qwen2.5-7b-instruct-Q4_K_M,gguf-q4_k_m,128,64,1,831.5835020002851,12.993492218754454,831.5835020002851,831.5835020002851,76.96160379090597,success
matrix_llama_gguf-q4_k_m_128in_64out_c1,2026-06-17T16:20:19.916677+00:00,llama,qwen2.5-7b-instruct-Q4_K_M,gguf-q4_k_m,128,64,1,820.2351699992505,12.816174531238289,820.2351699992505,820.2351699992505,78.02640308639592,success
matrix_llama_gguf-q4_k_m_128in_64out_c1,2026-06-17T16:20:19.916677+00:00,llama,qwen2.5-7b-instruct-Q4_K_M,gguf-q4_k_m,128,64,1,843.8252289997763,13.184769203121505,843.8252289997763,843.8252289997763,75.8450894812212,success
matrix_llama_gguf-q4_k_m_128in_64out_c1,2026-06-17T16:20:19.916677+00:00,llama,qwen2.5-7b-instruct-Q4_K_M,gguf-q4_k_m,128,64,1,841.1088640004891,13.142326000007643,841.1088640004891,841.1088640004891,76.09003155144823,success
matrix_llama_gguf-q4_k_m_128in_64out_c1,2026-06-17T16:20:19.916677+00:00,llama,qwen2.5-7b-instruct-Q4_K_M,gguf-q4_k_m,128,64,1,847.7223110003251,13.24566110938008,847.7223110003251,847.7223110003251,75.49642043097701,success
matrix_llama_gguf-q4_k_m_128in_64out_c1,2026-06-17T16:20:19.916677+00:00,llama,qwen2.5-7b-instruct-Q4_K_M,gguf-q4_k_m,128,64,1,826.9371629994566,12.92089317186651,826.9371629994566,826.9371629994566,77.39403048214687,success
matrix_llama_gguf-q4_k_m_128in_64out_c1,2026-06-17T16:20:19.916677+00:00,llama,qwen2.5-7b-instruct-Q4_K_M,gguf-q4_k_m,128,64,1,827.1609769999486,12.924390265624197,827.1609769999486,827.1609769999486,77.37308913208557,success
matrix_llama_gguf-q4_k_m_128in_64out_c1,2026-06-17T16:20:19.916677+00:00,llama,qwen2.5-7b-instruct-Q4_K_M,gguf-q4_k_m,128,64,1,845.5928009998388,13.212387515622481,845.5928009998388,845.5928009998388,75.68654785651634,success
matrix_llama_gguf-q4_k_m_128in_64out_c1,2026-06-17T16:20:19.916677+00:00,llama,qwen2.5-7b-instruct-Q4_K_M,gguf-q4_k_m,128,64,1,830.7200400004149,12.980000625006483,830.7200400004149,830.7200400004149,77.04159875566266,success
matrix_llama_gguf-q4_k_m_128in_64out_c1,2026-06-17T16:20:19.916677+00:00,llama,qwen2.5-7b-instruct-Q4_K_M,gguf-q4_k_m,128,64,1,841.6985219992057,13.151539406237589,841.6985219992057,841.6985219992057,76.03672612848,success
matrix_llama_gguf-q4_k_m_128in_64out_c1,2026-06-17T16:20:19.916677+00:00,llama,qwen2.5-7b-instruct-Q4_K_M,gguf-q4_k_m,128,64,1,827.8144360001534,12.934600562502396,827.8144360001534,827.8144360001534,77.31201247134103,success
matrix_llama_gguf-q4_k_m_128in_64out_c1,2026-06-17T16:20:19.916677+00:00,llama,qwen2.5-7b-instruct-Q4_K_M,gguf-q4_k_m,128,64,1,823.8507250007387,12.872667578136543,823.8507250007387,823.8507250007387,77.68397606246279,success
matrix_llama_gguf-q4_k_m_128in_64out_c1,2026-06-17T16:20:19.916677+00:00,llama,qwen2.5-7b-instruct-Q4_K_M,gguf-q4_k_m,128,64,1,815.0342620001538,12.734910343752404,815.0342620001538,815.0342620001538,78.52430625792259,success
matrix_llama_gguf-q4_k_m_128in_64out_c1,2026-06-17T16:20:19.916677+00:00,llama,qwen2.5-7b-instruct-Q4_K_M,gguf-q4_k_m,128,64,1,824.2043979998925,12.87819371874832,824.2043979998925,824.2043979998925,77.65064121874335,success
matrix_llama_gguf-q4_k_m_128in_64out_c1,2026-06-17T16:20:19.916677+00:00,llama,qwen2.5-7b-instruct-Q4_K_M,gguf-q4_k_m,128,64,1,971.7647110001053,15.183823609376645,971.7647110001053,971.7647110001053,65.85956381780267,success
matrix_llama_gguf-q4_k_m_128in_64out_c1,2026-06-17T16:20:19.916677+00:00,llama,qwen2.5-7b-instruct-Q4_K_M,gguf-q4_k_m,128,64,1,842.7523519994793,13.168005499991864,842.7523519994793,842.7523519994793,75.94164507302324,success
matrix_llama_gguf-q4_k_m_128in_64out_c1,2026-06-17T16:20:19.916677+00:00,llama,qwen2.5-7b-instruct-Q4_K_M,gguf-q4_k_m,128,64,1,827.1216399998593,12.923775624997802,827.1216399998593,827.1216399998593,77.37676891153626,success
matrix_llama_gguf-q4_k_m_128in_64out_c1,2026-06-17T16:20:19.916677+00:00,llama,qwen2.5-7b-instruct-Q4_K_M,gguf-q4_k_m,128,64,1,821.863817999656,12.841622156244625,821.863817999656,821.863817999656,77.87178191609694,success
matrix_llama_gguf-q4_k_m_128in_64out_c1,2026-06-17T16:20:19.916677+00:00,llama,qwen2.5-7b-instruct-Q4_K_M,gguf-q4_k_m,128,64,1,828.4033009995255,12.943801578117586,828.4033009995255,828.4033009995255,77.25705573937188,success
matrix_llama_gguf-q4_k_m_128in_64out_c1,2026-06-17T16:20:19.916677+00:00,llama,qwen2.5-7b-instruct-Q4_K_M,gguf-q4_k_m,128,64,1,818.2949229994847,12.785858171866948,818.2949229994847,818.2949229994847,78.21141033773749,success
matrix_llama_gguf-q4_k_m_128in_64out_c1,2026-06-17T16:20:19.916677+00:00,llama,qwen2.5-7b-instruct-Q4_K_M,gguf-q4_k_m,128,64,1,830.4835899998579,12.97630609374778,830.4835899998579,830.4835899998579,77.063533549183,success
matrix_llama_gguf-q4_k_m_128in_64out_c1,2026-06-17T16:20:19.916677+00:00,llama,qwen2.5-7b-instruct-Q4_K_M,gguf-q4_k_m,128,64,1,824.1065060001347,12.876664156252104,824.1065060001347,824.1065060001347,77.65986499806803,success
matrix_llama_gguf-q4_k_m_128in_64out_c1,2026-06-17T16:20:19.916677+00:00,llama,qwen2.5-7b-instruct-Q4_K_M,gguf-q4_k_m,128,64,1,849.9351139998907,13.280236156248293,849.9351139998907,849.9351139998907,75.29986577305739,success
matrix_llama_gguf-q4_k_m_128in_64out_c1,2026-06-17T16:20:19.916677+00:00,llama,qwen2.5-7b-instruct-Q4_K_M,gguf-q4_k_m,128,64,1,873.4789939999246,13.648109281248821,873.4789939999246,873.4789939999246,73.2702222258656,success
matrix_llama_gguf-q4_k_m_128in_64out_c1,2026-06-17T16:20:19.916677+00:00,llama,qwen2.5-7b-instruct-Q4_K_M,gguf-q4_k_m,128,64,1,869.4383390002258,13.584974046878528,869.4383390002258,869.4383390002258,73.61074055417676,success
matrix_llama_gguf-q4_k_m_128in_64out_c1,2026-06-17T16:20:19.916677+00:00,llama,qwen2.5-7b-instruct-Q4_K_M,gguf-q4_k_m,128,64,1,858.5112309992837,13.414237984363808,858.5112309992837,858.5112309992837,74.54765609240282,success
matrix_llama_gguf-q4_k_m_128in_64out_c1,2026-06-17T16:20:19.916677+00:00,llama,qwen2.5-7b-instruct-Q4_K_M,gguf-q4_k_m,128,64,1,812.8546329999153,12.700853640623677,812.8546329999153,812.8546329999153,78.73486525358423,success
matrix_llama_gguf-q4_k_m_128in_64out_c1,2026-06-17T16:20:19.916677+00:00,llama,qwen2.5-7b-instruct-Q4_K_M,gguf-q4_k_m,128,64,1,832.6099700007035,13.009530781260992,832.6099700007035,832.6099700007035,76.86672308277299,success
matrix_llama_gguf-q4_k_m_128in_64out_c1,2026-06-17T16:20:19.916677+00:00,llama,qwen2.5-7b-instruct-Q4_K_M,gguf-q4_k_m,128,64,1,846.4261459994304,13.2254085312411,846.4261459994304,846.4261459994304,75.61203101120067,success
matrix_llama_gguf-q4_k_m_128in_64out_c4,2026-06-17T16:20:37.707362+00:00,llama,qwen2.5-7b-instruct-Q4_K_M,gguf-q4_k_m,128,64,4,1365.136528000221,21.330258250003453,1365.136528000221,1365.136528000221,46.88175774898731,success
matrix_llama_gguf-q4_k_m_128in_64out_c4,2026-06-17T16:20:37.707362+00:00,llama,qwen2.5-7b-instruct-Q4_K_M,gguf-q4_k_m,128,64,4,1355.4349449996153,21.17867101561899,1355.4349449996153,1355.4349449996153,47.21731591479528,success
matrix_llama_gguf-q4_k_m_128in_64out_c4,2026-06-17T16:20:37.707362+00:00,llama,qwen2.5-7b-instruct-Q4_K_M,gguf-q4_k_m,128,64,4,1346.3997139997446,21.03749553124601,1346.3997139997446,1346.3997139997446,47.53417527836176,success
matrix_llama_gguf-q4_k_m_128in_64out_c4,2026-06-17T16:20:37.707362+00:00,llama,qwen2.5-7b-instruct-Q4_K_M,gguf-q4_k_m,128,64,4,1326.5969499998391,20.728077343747486,1326.5969499998391,1326.5969499998391,48.24374125088088,success
matrix_llama_gguf-q4_k_m_128in_64out_c4,2026-06-17T16:20:37.707362+00:00,llama,qwen2.5-7b-instruct-Q4_K_M,gguf-q4_k_m,128,64,4,2458.382711000013,38.4122298593752,2458.382711000013,2458.382711000013,26.033375403118697,success
matrix_llama_gguf-q4_k_m_128in_64out_c4,2026-06-17T16:20:37.707362+00:00,llama,qwen2.5-7b-instruct-Q4_K_M,gguf-q4_k_m,128,64,4,2458.281326999895,38.41064573437336,2458.281326999895,2458.281326999895,26.0344490669447,success
matrix_llama_gguf-q4_k_m_128in_64out_c4,2026-06-17T16:20:37.707362+00:00,llama,qwen2.5-7b-instruct-Q4_K_M,gguf-q4_k_m,128,64,4,2459.2984259998047,38.42653790624695,2459.2984259998047,2459.2984259998047,26.02368192627188,success
matrix_llama_gguf-q4_k_m_128in_64out_c4,2026-06-17T16:20:37.707362+00:00,llama,qwen2.5-7b-instruct-Q4_K_M,gguf-q4_k_m,128,64,4,2450.3338909999,38.28646704687344,2450.3338909999,2450.3338909999,26.118889444035613,success
matrix_llama_gguf-q4_k_m_128in_64out_c4,2026-06-17T16:20:37.707362+00:00,llama,qwen2.5-7b-instruct-Q4_K_M,gguf-q4_k_m,128,64,4,2466.603914999723,38.540686171870675,2466.603914999723,2466.603914999723,25.94660602409981,success
matrix_llama_gguf-q4_k_m_128in_64out_c4,2026-06-17T16:20:37.707362+00:00,llama,qwen2.5-7b-instruct-Q4_K_M,gguf-q4_k_m,128,64,4,2467.302150999785,38.551596109371644,2467.302150999785,2467.302150999785,25.93926324510612,success
matrix_llama_gguf-q4_k_m_128in_64out_c4,2026-06-17T16:20:37.707362+00:00,llama,qwen2.5-7b-instruct-Q4_K_M,gguf-q4_k_m,128,64,4,2457.3656519996803,38.396338312495004,2457.3656519996803,2457.3656519996803,26.044150144248995,success
matrix_llama_gguf-q4_k_m_128in_64out_c4,2026-06-17T16:20:37.707362+00:00,llama,qwen2.5-7b-instruct-Q4_K_M,gguf-q4_k_m,128,64,4,2447.523261000242,38.242550953128784,2447.523261000242,2447.523261000242,26.14888324854767,success
matrix_llama_gguf-q4_k_m_128in_64out_c4,2026-06-17T16:20:37.707362+00:00,llama,qwen2.5-7b-instruct-Q4_K_M,gguf-q4_k_m,128,64,4,2448.8457699999344,38.263215156248975,2448.8457699999344,2448.8457699999344,26.134761439060213,success
matrix_llama_gguf-q4_k_m_128in_64out_c4,2026-06-17T16:20:37.707362+00:00,llama,qwen2.5-7b-instruct-Q4_K_M,gguf-q4_k_m,128,64,4,2448.223594999945,38.25349367187414,2448.223594999945,2448.223594999945,26.14140315072057,success
matrix_llama_gguf-q4_k_m_128in_64out_c4,2026-06-17T16:20:37.707362+00:00,llama,qwen2.5-7b-instruct-Q4_K_M,gguf-q4_k_m,128,64,4,2437.8732810000656,38.091770015626025,2437.8732810000656,2437.8732810000656,26.252389941180983,success
matrix_llama_gguf-q4_k_m_128in_64out_c4,2026-06-17T16:20:37.707362+00:00,llama,qwen2.5-7b-instruct-Q4_K_M,gguf-q4_k_m,128,64,4,2446.758045000024,38.23059445312538,2446.758045000024,2446.758045000024,26.15706123079259,success
matrix_llama_gguf-q4_k_m_128in_64out_c4,2026-06-17T16:20:37.707362+00:00,llama,qwen2.5-7b-instruct-Q4_K_M,gguf-q4_k_m,128,64,4,2449.2789739997534,38.269983968746146,2449.2789739997534,2449.2789739997534,26.13013898350905,success
matrix_llama_gguf-q4_k_m_128in_64out_c4,2026-06-17T16:20:37.707362+00:00,llama,qwen2.5-7b-instruct-Q4_K_M,gguf-q4_k_m,128,64,4,2439.674133999688,38.119908343745124,2439.674133999688,2439.674133999688,26.233011658436588,success
matrix_llama_gguf-q4_k_m_128in_64out_c4,2026-06-17T16:20:37.707362+00:00,llama,qwen2.5-7b-instruct-Q4_K_M,gguf-q4_k_m,128,64,4,2440.502070000548,38.13284484375856,2440.502070000548,2440.502070000548,26.224112155735902,success
matrix_llama_gguf-q4_k_m_128in_64out_c4,2026-06-17T16:20:37.707362+00:00,llama,qwen2.5-7b-instruct-Q4_K_M,gguf-q4_k_m,128,64,4,2430.77474599977,37.980855406246405,2430.77474599977,2430.77474599977,26.329054185428852,success
matrix_llama_gguf-q4_k_m_128in_64out_c4,2026-06-17T16:20:37.707362+00:00,llama,qwen2.5-7b-instruct-Q4_K_M,gguf-q4_k_m,128,64,4,2428.01243500071,37.93769429688609,2428.01243500071,2428.01243500071,26.359008330194687,success
matrix_llama_gguf-q4_k_m_128in_64out_c4,2026-06-17T16:20:37.707362+00:00,llama,qwen2.5-7b-instruct-Q4_K_M,gguf-q4_k_m,128,64,4,2418.7505049994797,37.79297664061687,2418.7505049994797,2418.7505049994797,26.459942795965954,success
matrix_llama_gguf-q4_k_m_128in_64out_c4,2026-06-17T16:20:37.707362+00:00,llama,qwen2.5-7b-instruct-Q4_K_M,gguf-q4_k_m,128,64,4,2409.819182999854,37.65342473437272,2409.819182999854,2409.819182999854,26.558009186535667,success
matrix_llama_gguf-q4_k_m_128in_64out_c4,2026-06-17T16:20:37.707362+00:00,llama,qwen2.5-7b-instruct-Q4_K_M,gguf-q4_k_m,128,64,4,2419.234685000447,37.80054195313198,2419.234685000447,2419.234685000447,26.454647164579725,success
matrix_llama_gguf-q4_k_m_128in_64out_c4,2026-06-17T16:20:37.707362+00:00,llama,qwen2.5-7b-instruct-Q4_K_M,gguf-q4_k_m,128,64,4,2451.1422240002503,38.29909725000391,2451.1422240002503,2451.1422240002503,26.11027600656822,success
matrix_llama_gguf-q4_k_m_128in_64out_c4,2026-06-17T16:20:37.707362+00:00,llama,qwen2.5-7b-instruct-Q4_K_M,gguf-q4_k_m,128,64,4,2441.908058000081,38.154813406251264,2441.908058000081,2441.908058000081,26.20901298487704,success
matrix_llama_gguf-q4_k_m_128in_64out_c4,2026-06-17T16:20:37.707362+00:00,llama,qwen2.5-7b-instruct-Q4_K_M,gguf-q4_k_m,128,64,4,2431.917375000012,37.998708984375185,2431.917375000012,2431.917375000012,26.316683559201795,success
matrix_llama_gguf-q4_k_m_128in_64out_c4,2026-06-17T16:20:37.707362+00:00,llama,qwen2.5-7b-instruct-Q4_K_M,gguf-q4_k_m,128,64,4,2441.8617129995255,38.154089265617586,2441.8617129995255,2441.8617129995255,26.20951041547062,success
matrix_llama_gguf-q4_k_m_128in_64out_c4,2026-06-17T16:20:37.707362+00:00,llama,qwen2.5-7b-instruct-Q4_K_M,gguf-q4_k_m,128,64,4,1637.237429000379,25.581834828130923,1637.237429000379,1637.237429000379,39.09023753450067,success
matrix_llama_gguf-q4_k_m_128in_64out_c4,2026-06-17T16:20:37.707362+00:00,llama,qwen2.5-7b-instruct-Q4_K_M,gguf-q4_k_m,128,64,4,1628.7389260005511,25.44904571875861,1628.7389260005511,1628.7389260005511,39.294204232691335,success
matrix_llama_gguf-q4_k_m_128in_64out_c8,2026-06-17T16:20:56.009714+00:00,llama,qwen2.5-7b-instruct-Q4_K_M,gguf-q4_k_m,128,64,8,2055.8439890000955,32.12256232812649,2055.8439890000955,2055.8439890000955,31.130766897894716,success
matrix_llama_gguf-q4_k_m_128in_64out_c8,2026-06-17T16:20:56.009714+00:00,llama,qwen2.5-7b-instruct-Q4_K_M,gguf-q4_k_m,128,64,8,2036.3478819999727,31.817935656249574,2036.3478819999727,2036.3478819999727,31.428814578157063,success
matrix_llama_gguf-q4_k_m_128in_64out_c8,2026-06-17T16:20:56.009714+00:00,llama,qwen2.5-7b-instruct-Q4_K_M,gguf-q4_k_m,128,64,8,2038.3162600001015,31.848691562501585,2038.3162600001015,2038.3162600001015,31.39846414216252,success
matrix_llama_gguf-q4_k_m_128in_64out_c8,2026-06-17T16:20:56.009714+00:00,llama,qwen2.5-7b-instruct-Q4_K_M,gguf-q4_k_m,128,64,8,4457.39338400017,69.64677162500266,4457.39338400017,4457.39338400017,14.358167315841639,success
matrix_llama_gguf-q4_k_m_128in_64out_c8,2026-06-17T16:20:56.009714+00:00,llama,qwen2.5-7b-instruct-Q4_K_M,gguf-q4_k_m,128,64,8,4448.45508599974,69.50711071874593,4448.45508599974,4448.45508599974,14.38701723693288,success
matrix_llama_gguf-q4_k_m_128in_64out_c8,2026-06-17T16:20:56.009714+00:00,llama,qwen2.5-7b-instruct-Q4_K_M,gguf-q4_k_m,128,64,8,4439.691219999986,69.37017531249978,4439.691219999986,4439.691219999986,14.415416935234564,success
matrix_llama_gguf-q4_k_m_128in_64out_c8,2026-06-17T16:20:56.009714+00:00,llama,qwen2.5-7b-instruct-Q4_K_M,gguf-q4_k_m,128,64,8,4419.883622999805,69.06068160937195,4419.883622999805,4419.883622999805,14.480019262715963,success
matrix_llama_gguf-q4_k_m_128in_64out_c8,2026-06-17T16:20:56.009714+00:00,llama,qwen2.5-7b-instruct-Q4_K_M,gguf-q4_k_m,128,64,8,1991.8723250002586,31.12300507812904,1991.8723250002586,1991.8723250002586,32.13057342919391,success
matrix_llama_gguf-q4_k_m_128in_64out_c8,2026-06-17T16:20:56.009714+00:00,llama,qwen2.5-7b-instruct-Q4_K_M,gguf-q4_k_m,128,64,8,4854.611892999856,75.85331082812274,4854.611892999856,4854.611892999856,13.183340174378365,success
matrix_llama_gguf-q4_k_m_128in_64out_c8,2026-06-17T16:20:56.009714+00:00,llama,qwen2.5-7b-instruct-Q4_K_M,gguf-q4_k_m,128,64,8,4857.254147999811,75.89459606249704,4857.254147999811,4857.254147999811,13.176168685007934,success
matrix_llama_gguf-q4_k_m_128in_64out_c8,2026-06-17T16:20:56.009714+00:00,llama,qwen2.5-7b-instruct-Q4_K_M,gguf-q4_k_m,128,64,8,4847.047856000245,75.73512275000382,4847.047856000245,4847.047856000245,13.203913371883319,success
matrix_llama_gguf-q4_k_m_128in_64out_c8,2026-06-17T16:20:56.009714+00:00,llama,qwen2.5-7b-instruct-Q4_K_M,gguf-q4_k_m,128,64,8,4837.780964999183,75.59032757811224,4837.780964999183,4837.780964999183,13.229205799731945,success
matrix_llama_gguf-q4_k_m_128in_64out_c8,2026-06-17T16:20:56.009714+00:00,llama,qwen2.5-7b-instruct-Q4_K_M,gguf-q4_k_m,128,64,8,4856.680692999362,75.88563582811503,4856.680692999362,4856.680692999362,13.177724467711554,success
matrix_llama_gguf-q4_k_m_128in_64out_c8,2026-06-17T16:20:56.009714+00:00,llama,qwen2.5-7b-instruct-Q4_K_M,gguf-q4_k_m,128,64,8,4857.213348000187,75.89395856250292,4857.213348000187,4857.213348000187,13.176279363217615,success
matrix_llama_gguf-q4_k_m_128in_64out_c8,2026-06-17T16:20:56.009714+00:00,llama,qwen2.5-7b-instruct-Q4_K_M,gguf-q4_k_m,128,64,8,4847.299940999619,75.73906157811905,4847.299940999619,4847.299940999619,13.203226699192417,success
matrix_llama_gguf-q4_k_m_128in_64out_c8,2026-06-17T16:20:56.009714+00:00,llama,qwen2.5-7b-instruct-Q4_K_M,gguf-q4_k_m,128,64,8,4837.465833999886,75.58540365624822,4837.465833999886,4837.465833999886,13.230067600721686,success
matrix_llama_gguf-q4_k_m_128in_64out_c8,2026-06-17T16:20:56.009714+00:00,llama,qwen2.5-7b-instruct-Q4_K_M,gguf-q4_k_m,128,64,8,4865.656993999437,76.0258905312412,4865.656993999437,4865.656993999437,13.153413830635388,success
matrix_llama_gguf-q4_k_m_128in_64out_c8,2026-06-17T16:20:56.009714+00:00,llama,qwen2.5-7b-instruct-Q4_K_M,gguf-q4_k_m,128,64,8,4871.535936999862,76.11774901562285,4871.535936999862,4871.535936999862,13.137540362560566,success
matrix_llama_gguf-q4_k_m_128in_64out_c8,2026-06-17T16:20:56.009714+00:00,llama,qwen2.5-7b-instruct-Q4_K_M,gguf-q4_k_m,128,64,8,4832.7038209999955,75.51099720312493,4832.7038209999955,4832.7038209999955,13.243104144287692,success
matrix_llama_gguf-q4_k_m_128in_64out_c8,2026-06-17T16:20:56.009714+00:00,llama,qwen2.5-7b-instruct-Q4_K_M,gguf-q4_k_m,128,64,8,4833.53453699965,75.52397714061954,4833.53453699965,4833.53453699965,13.240828116587146,success
matrix_llama_gguf-q4_k_m_128in_64out_c8,2026-06-17T16:20:56.009714+00:00,llama,qwen2.5-7b-instruct-Q4_K_M,gguf-q4_k_m,128,64,8,4871.721706000244,76.12065165625381,4871.721706000244,4871.721706000244,13.137039400500763,success
matrix_llama_gguf-q4_k_m_128in_64out_c8,2026-06-17T16:20:56.009714+00:00,llama,qwen2.5-7b-instruct-Q4_K_M,gguf-q4_k_m,128,64,8,4850.808884999424,75.793888828116,4850.808884999424,4850.808884999424,13.193675841963747,success
matrix_llama_gguf-q4_k_m_128in_64out_c8,2026-06-17T16:20:56.009714+00:00,llama,qwen2.5-7b-instruct-Q4_K_M,gguf-q4_k_m,128,64,8,4841.640001000087,75.65062501562636,4841.640001000087,4841.640001000087,13.218661442564954,success
matrix_llama_gguf-q4_k_m_128in_64out_c8,2026-06-17T16:20:56.009714+00:00,llama,qwen2.5-7b-instruct-Q4_K_M,gguf-q4_k_m,128,64,8,4821.475959000054,75.33556185937584,4821.475959000054,4821.475959000054,13.273943610676683,success
matrix_llama_gguf-q4_k_m_128in_64out_c8,2026-06-17T16:20:56.009714+00:00,llama,qwen2.5-7b-instruct-Q4_K_M,gguf-q4_k_m,128,64,8,4868.517674000032,76.0705886562505,4868.517674000032,4868.517674000032,13.145685049432478,success
matrix_llama_gguf-q4_k_m_128in_64out_c8,2026-06-17T16:20:56.009714+00:00,llama,qwen2.5-7b-instruct-Q4_K_M,gguf-q4_k_m,128,64,8,4859.3054190005205,75.92664717188313,4859.3054190005205,4859.3054190005205,13.170606595286564,success
matrix_llama_gguf-q4_k_m_128in_64out_c8,2026-06-17T16:20:56.009714+00:00,llama,qwen2.5-7b-instruct-Q4_K_M,gguf-q4_k_m,128,64,8,4850.203580999732,75.78443095312082,4850.203580999732,4850.203580999732,13.195322408880868,success
matrix_llama_gguf-q4_k_m_128in_64out_c8,2026-06-17T16:20:56.009714+00:00,llama,qwen2.5-7b-instruct-Q4_K_M,gguf-q4_k_m,128,64,8,4838.97953900032,75.60905529688,4838.97953900032,4838.97953900032,13.225929038175204,success
matrix_llama_gguf-q4_k_m_128in_64out_c8,2026-06-17T16:20:56.009714+00:00,llama,qwen2.5-7b-instruct-Q4_K_M,gguf-q4_k_m,128,64,8,4069.9600629995984,63.593125984368726,4069.9600629995984,4069.9600629995984,15.724970026568615,success
matrix_llama_gguf-q4_k_m_128in_64out_c8,2026-06-17T16:20:56.009714+00:00,llama,qwen2.5-7b-instruct-Q4_K_M,gguf-q4_k_m,128,64,8,4060.392512999897,63.44363301562339,4060.392512999897,4060.392512999897,15.762022955932295,success
matrix_llama_gguf-q4_k_m_128in_64out_c16,2026-06-17T16:21:14.450655+00:00,llama,qwen2.5-7b-instruct-Q4_K_M,gguf-q4_k_m,128,64,16,2129.5558029996755,33.27430942186993,2129.5558029996755,2129.5558029996755,30.053215750369212,success
matrix_llama_gguf-q4_k_m_128in_64out_c16,2026-06-17T16:21:14.450655+00:00,llama,qwen2.5-7b-instruct-Q4_K_M,gguf-q4_k_m,128,64,16,2140.57467099974,33.44647923437094,2140.57467099974,2140.57467099974,29.898513173618586,success
matrix_llama_gguf-q4_k_m_128in_64out_c16,2026-06-17T16:21:14.450655+00:00,llama,qwen2.5-7b-instruct-Q4_K_M,gguf-q4_k_m,128,64,16,2130.5723470004523,33.29019292188207,2130.5723470004523,2130.5723470004523,30.03887668499173,success
matrix_llama_gguf-q4_k_m_128in_64out_c16,2026-06-17T16:21:14.450655+00:00,llama,qwen2.5-7b-instruct-Q4_K_M,gguf-q4_k_m,128,64,16,7016.6387320005015,109.63498018750784,7016.6387320005015,7016.6387320005015,9.121176455632208,success
matrix_llama_gguf-q4_k_m_128in_64out_c16,2026-06-17T16:21:14.450655+00:00,llama,qwen2.5-7b-instruct-Q4_K_M,gguf-q4_k_m,128,64,16,4560.2757360002215,71.25430837500346,4560.2757360002215,4560.2757360002215,14.034239091019055,success
matrix_llama_gguf-q4_k_m_128in_64out_c16,2026-06-17T16:21:14.450655+00:00,llama,qwen2.5-7b-instruct-Q4_K_M,gguf-q4_k_m,128,64,16,7007.556952000414,109.49307737500646,7007.556952000414,7007.556952000414,9.132997482343718,success
matrix_llama_gguf-q4_k_m_128in_64out_c16,2026-06-17T16:21:14.450655+00:00,llama,qwen2.5-7b-instruct-Q4_K_M,gguf-q4_k_m,128,64,16,2081.3061170001674,32.520408078127616,2081.3061170001674,2081.3061170001674,30.749921636825157,success
matrix_llama_gguf-q4_k_m_128in_64out_c16,2026-06-17T16:21:14.450655+00:00,llama,qwen2.5-7b-instruct-Q4_K_M,gguf-q4_k_m,128,64,16,4530.75766100028,70.79308845312937,4530.75766100028,4530.75766100028,14.125672743633428,success
matrix_llama_gguf-q4_k_m_128in_64out_c16,2026-06-17T16:21:14.450655+00:00,llama,qwen2.5-7b-instruct-Q4_K_M,gguf-q4_k_m,128,64,16,4511.902792000001,70.49848112500001,4511.902792000001,4511.902792000001,14.184702762984525,success
matrix_llama_gguf-q4_k_m_128in_64out_c16,2026-06-17T16:21:14.450655+00:00,llama,qwen2.5-7b-instruct-Q4_K_M,gguf-q4_k_m,128,64,16,4492.905602000064,70.201650031251,4492.905602000064,4492.905602000064,14.244679427831674,success
matrix_llama_gguf-q4_k_m_128in_64out_c16,2026-06-17T16:21:14.450655+00:00,llama,qwen2.5-7b-instruct-Q4_K_M,gguf-q4_k_m,128,64,16,6951.142945000356,108.61160851563056,6951.142945000356,6951.142945000356,9.207118959628405,success
matrix_llama_gguf-q4_k_m_128in_64out_c16,2026-06-17T16:21:14.450655+00:00,llama,qwen2.5-7b-instruct-Q4_K_M,gguf-q4_k_m,128,64,16,6962.249263000558,108.78514473438372,6962.249263000558,6962.249263000558,9.192431580999957,success
matrix_llama_gguf-q4_k_m_128in_64out_c16,2026-06-17T16:21:14.450655+00:00,llama,qwen2.5-7b-instruct-Q4_K_M,gguf-q4_k_m,128,64,16,9377.87435500013,146.52928679687705,9377.87435500013,9377.87435500013,6.824574266755476,success
matrix_llama_gguf-q4_k_m_128in_64out_c16,2026-06-17T16:21:14.450655+00:00,llama,qwen2.5-7b-instruct-Q4_K_M,gguf-q4_k_m,128,64,16,9368.794021000213,146.38740657812832,9368.794021000213,9368.794021000213,6.831188716129694,success
matrix_llama_gguf-q4_k_m_128in_64out_c16,2026-06-17T16:21:14.450655+00:00,llama,qwen2.5-7b-instruct-Q4_K_M,gguf-q4_k_m,128,64,16,9360.07556200002,146.2511806562503,9360.07556200002,9360.07556200002,6.837551638987491,success
matrix_llama_gguf-q4_k_m_128in_64out_c16,2026-06-17T16:21:14.450655+00:00,llama,qwen2.5-7b-instruct-Q4_K_M,gguf-q4_k_m,128,64,16,9369.885678000173,146.4044637187527,9369.885678000173,9369.885678000173,6.83039283502332,success
matrix_llama_gguf-q4_k_m_128in_64out_c16,2026-06-17T16:21:14.450655+00:00,llama,qwen2.5-7b-instruct-Q4_K_M,gguf-q4_k_m,128,64,16,9793.995496000207,153.03117962500323,9793.995496000207,9793.995496000207,6.534616033480627,success
matrix_llama_gguf-q4_k_m_128in_64out_c16,2026-06-17T16:21:14.450655+00:00,llama,qwen2.5-7b-instruct-Q4_K_M,gguf-q4_k_m,128,64,16,9784.445627999958,152.88196293749934,9784.445627999958,9784.445627999958,6.540993985070799,success
matrix_llama_gguf-q4_k_m_128in_64out_c16,2026-06-17T16:21:14.450655+00:00,llama,qwen2.5-7b-instruct-Q4_K_M,gguf-q4_k_m,128,64,16,9770.169045999864,152.65889134374788,9770.169045999864,9770.169045999864,6.550551960633997,success
matrix_llama_gguf-q4_k_m_128in_64out_c16,2026-06-17T16:21:14.450655+00:00,llama,qwen2.5-7b-instruct-Q4_K_M,gguf-q4_k_m,128,64,16,9761.600461999478,152.52500721874185,9761.600461999478,9761.600461999478,6.5563019352352,success
matrix_llama_gguf-q4_k_m_128in_64out_c16,2026-06-17T16:21:14.450655+00:00,llama,qwen2.5-7b-instruct-Q4_K_M,gguf-q4_k_m,128,64,16,9763.069051000457,152.54795392188214,9763.069051000457,9763.069051000457,6.555315717391315,success
matrix_llama_gguf-q4_k_m_128in_64out_c16,2026-06-17T16:21:14.450655+00:00,llama,qwen2.5-7b-instruct-Q4_K_M,gguf-q4_k_m,128,64,16,9748.472322000453,152.31988003125707,9748.472322000453,9748.472322000453,6.56513122118264,success
matrix_llama_gguf-q4_k_m_128in_64out_c16,2026-06-17T16:21:14.450655+00:00,llama,qwen2.5-7b-instruct-Q4_K_M,gguf-q4_k_m,128,64,16,9733.148423000785,152.08044410938726,9733.148423000785,9733.148423000785,6.575467384095273,success
matrix_llama_gguf-q4_k_m_128in_64out_c16,2026-06-17T16:21:14.450655+00:00,llama,qwen2.5-7b-instruct-Q4_K_M,gguf-q4_k_m,128,64,16,9721.533544999147,151.89896164061167,9721.533544999147,9721.533544999147,6.583323475021308,success
matrix_llama_gguf-q4_k_m_128in_64out_c16,2026-06-17T16:21:14.450655+00:00,llama,qwen2.5-7b-instruct-Q4_K_M,gguf-q4_k_m,128,64,16,9752.080420999846,152.3762565781226,9752.080420999846,9752.080420999846,6.562702237584532,success
matrix_llama_gguf-q4_k_m_128in_64out_c16,2026-06-17T16:21:14.450655+00:00,llama,qwen2.5-7b-instruct-Q4_K_M,gguf-q4_k_m,128,64,16,9741.038755000773,152.20373054688707,9741.038755000773,9741.038755000773,6.570141194350984,success
matrix_llama_gguf-q4_k_m_128in_64out_c16,2026-06-17T16:21:14.450655+00:00,llama,qwen2.5-7b-instruct-Q4_K_M,gguf-q4_k_m,128,64,16,9731.582186000196,152.05597165625306,9731.582186000196,9731.582186000196,6.576525664251191,success
matrix_llama_gguf-q4_k_m_128in_64out_c16,2026-06-17T16:21:14.450655+00:00,llama,qwen2.5-7b-instruct-Q4_K_M,gguf-q4_k_m,128,64,16,9721.189972000502,151.89359331250785,9721.189972000502,9721.189972000502,6.583556147378692,success
matrix_llama_gguf-q4_k_m_128in_64out_c16,2026-06-17T16:21:14.450655+00:00,llama,qwen2.5-7b-instruct-Q4_K_M,gguf-q4_k_m,128,64,16,8910.399213000346,139.2249877031304,8910.399213000346,8910.399213000346,7.182618698680018,success
matrix_llama_gguf-q4_k_m_128in_64out_c16,2026-06-17T16:21:14.450655+00:00,llama,qwen2.5-7b-instruct-Q4_K_M,gguf-q4_k_m,128,64,16,8901.03973999976,139.07874593749625,8901.03973999976,8901.03973999976,7.190171246219122,success
matrix_llama_gguf-q4_k_m_128in_256out_c1,2026-06-17T16:22:52.910108+00:00,llama,qwen2.5-7b-instruct-Q4_K_M,gguf-q4_k_m,128,256,1,3506.9247620003807,13.698924851563987,3506.9247620003807,3506.9247620003807,72.9984294998035,success
matrix_llama_gguf-q4_k_m_128in_256out_c1,2026-06-17T16:22:52.910108+00:00,llama,qwen2.5-7b-instruct-Q4_K_M,gguf-q4_k_m,128,256,1,3258.461974999591,12.728367089842152,3258.461974999591,3258.461974999591,78.56467313847729,success
matrix_llama_gguf-q4_k_m_128in_256out_c1,2026-06-17T16:22:52.910108+00:00,llama,qwen2.5-7b-instruct-Q4_K_M,gguf-q4_k_m,128,256,1,3263.430777999929,12.747776476562223,3263.430777999929,3263.430777999929,78.44505289519138,success
matrix_llama_gguf-q4_k_m_128in_256out_c1,2026-06-17T16:22:52.910108+00:00,llama,qwen2.5-7b-instruct-Q4_K_M,gguf-q4_k_m,128,256,1,3252.8834599997936,12.706576015624194,3252.8834599997936,3252.8834599997936,78.6994072022538,success
matrix_llama_gguf-q4_k_m_128in_256out_c1,2026-06-17T16:22:52.910108+00:00,llama,qwen2.5-7b-instruct-Q4_K_M,gguf-q4_k_m,128,256,1,3257.1642519997113,12.723297859373872,3257.1642519997113,3257.1642519997113,78.59597496283178,success
matrix_llama_gguf-q4_k_m_128in_256out_c1,2026-06-17T16:22:52.910108+00:00,llama,qwen2.5-7b-instruct-Q4_K_M,gguf-q4_k_m,128,256,1,3253.430228999605,12.708711832029707,3253.430228999605,3253.430228999605,78.686181039978,success
matrix_llama_gguf-q4_k_m_128in_256out_c1,2026-06-17T16:22:52.910108+00:00,llama,qwen2.5-7b-instruct-Q4_K_M,gguf-q4_k_m,128,256,1,3280.9568789998593,12.8162378085932,3280.9568789998593,3280.9568789998593,78.02601784819464,success
matrix_llama_gguf-q4_k_m_128in_256out_c1,2026-06-17T16:22:52.910108+00:00,llama,qwen2.5-7b-instruct-Q4_K_M,gguf-q4_k_m,128,256,1,3259.4887489995017,12.732377925779303,3259.4887489995017,3259.4887489995017,78.53992442176065,success
matrix_llama_gguf-q4_k_m_128in_256out_c1,2026-06-17T16:22:52.910108+00:00,llama,qwen2.5-7b-instruct-Q4_K_M,gguf-q4_k_m,128,256,1,3265.2462719997857,12.754868249999163,3265.2462719997857,3265.2462719997857,78.40143703562487,success
matrix_llama_gguf-q4_k_m_128in_256out_c1,2026-06-17T16:22:52.910108+00:00,llama,qwen2.5-7b-instruct-Q4_K_M,gguf-q4_k_m,128,256,1,3259.486447999734,12.732368937498961,3259.486447999734,3259.486447999734,78.5399798661844,success
matrix_llama_gguf-q4_k_m_128in_256out_c1,2026-06-17T16:22:52.910108+00:00,llama,qwen2.5-7b-instruct-Q4_K_M,gguf-q4_k_m,128,256,1,3255.721929000174,12.71766378515693,3255.721929000174,3255.721929000174,78.63079390155937,success
matrix_llama_gguf-q4_k_m_128in_256out_c1,2026-06-17T16:22:52.910108+00:00,llama,qwen2.5-7b-instruct-Q4_K_M,gguf-q4_k_m,128,256,1,3257.4520550006127,12.724422089846144,3257.4520550006127,3257.4520550006127,78.5890308368489,success
matrix_llama_gguf-q4_k_m_128in_256out_c1,2026-06-17T16:22:52.910108+00:00,llama,qwen2.5-7b-instruct-Q4_K_M,gguf-q4_k_m,128,256,1,3254.5250809998834,12.712988597655794,3254.5250809998834,3254.5250809998834,78.6597102890814,success
matrix_llama_gguf-q4_k_m_128in_256out_c1,2026-06-17T16:22:52.910108+00:00,llama,qwen2.5-7b-instruct-Q4_K_M,gguf-q4_k_m,128,256,1,3265.8373169997503,12.757177019530275,3265.8373169997503,3265.8373169997503,78.3872480932949,success
matrix_llama_gguf-q4_k_m_128in_256out_c1,2026-06-17T16:22:52.910108+00:00,llama,qwen2.5-7b-instruct-Q4_K_M,gguf-q4_k_m,128,256,1,3263.1020999997418,12.746492578123991,3263.1020999997418,3263.1020999997418,78.4529543222139,success
matrix_llama_gguf-q4_k_m_128in_256out_c1,2026-06-17T16:22:52.910108+00:00,llama,qwen2.5-7b-instruct-Q4_K_M,gguf-q4_k_m,128,256,1,3266.6446399998676,12.760330624999483,3266.6446399998676,3266.6446399998676,78.36787536216684,success
matrix_llama_gguf-q4_k_m_128in_256out_c1,2026-06-17T16:22:52.910108+00:00,llama,qwen2.5-7b-instruct-Q4_K_M,gguf-q4_k_m,128,256,1,3267.9386239997257,12.765385249998928,3267.9386239997257,3267.9386239997257,78.33684455391457,success
matrix_llama_gguf-q4_k_m_128in_256out_c1,2026-06-17T16:22:52.910108+00:00,llama,qwen2.5-7b-instruct-Q4_K_M,gguf-q4_k_m,128,256,1,3272.147716999825,12.781827019530567,3272.147716999825,3272.147716999825,78.23607677306265,success
matrix_llama_gguf-q4_k_m_128in_256out_c1,2026-06-17T16:22:52.910108+00:00,llama,qwen2.5-7b-instruct-Q4_K_M,gguf-q4_k_m,128,256,1,3265.8122470002127,12.75707908984458,3265.8122470002127,3265.8122470002127,78.38784983280863,success
matrix_llama_gguf-q4_k_m_128in_256out_c1,2026-06-17T16:22:52.910108+00:00,llama,qwen2.5-7b-instruct-Q4_K_M,gguf-q4_k_m,128,256,1,3265.039849000459,12.754061910158043,3265.039849000459,3265.039849000459,78.40639374688502,success
matrix_llama_gguf-q4_k_m_128in_256out_c1,2026-06-17T16:22:52.910108+00:00,llama,qwen2.5-7b-instruct-Q4_K_M,gguf-q4_k_m,128,256,1,3266.2961550004184,12.758969355470384,3266.2961550004184,3266.2961550004184,78.37623652346589,success
matrix_llama_gguf-q4_k_m_128in_256out_c1,2026-06-17T16:22:52.910108+00:00,llama,qwen2.5-7b-instruct-Q4_K_M,gguf-q4_k_m,128,256,1,3271.1108630001036,12.777776808594155,3271.1108630001036,3271.1108630001036,78.26087550123852,success
matrix_llama_gguf-q4_k_m_128in_256out_c1,2026-06-17T16:22:52.910108+00:00,llama,qwen2.5-7b-instruct-Q4_K_M,gguf-q4_k_m,128,256,1,3262.5399939997806,12.744296851561643,3262.5399939997806,3262.5399939997806,78.46647105347859,success
matrix_llama_gguf-q4_k_m_128in_256out_c1,2026-06-17T16:22:52.910108+00:00,llama,qwen2.5-7b-instruct-Q4_K_M,gguf-q4_k_m,128,256,1,3262.3891659995934,12.743707679685912,3262.3891659995934,3262.3891659995934,78.47009874481415,success
matrix_llama_gguf-q4_k_m_128in_256out_c1,2026-06-17T16:22:52.910108+00:00,llama,qwen2.5-7b-instruct-Q4_K_M,gguf-q4_k_m,128,256,1,3260.5093000001943,12.73636445312576,3260.5093000001943,3260.5093000001943,78.51534114623894,success
matrix_llama_gguf-q4_k_m_128in_256out_c1,2026-06-17T16:22:52.910108+00:00,llama,qwen2.5-7b-instruct-Q4_K_M,gguf-q4_k_m,128,256,1,3275.9737999995195,12.796772656248123,3275.9737999995195,3275.9737999995195,78.14470311088493,success
matrix_llama_gguf-q4_k_m_128in_256out_c1,2026-06-17T16:22:52.910108+00:00,llama,qwen2.5-7b-instruct-Q4_K_M,gguf-q4_k_m,128,256,1,3271.7132200004926,12.780129765626924,3271.7132200004926,3271.7132200004926,78.24646684649257,success
matrix_llama_gguf-q4_k_m_128in_256out_c1,2026-06-17T16:22:52.910108+00:00,llama,qwen2.5-7b-instruct-Q4_K_M,gguf-q4_k_m,128,256,1,3267.3110639998413,12.76293384374938,3267.3110639998413,3267.3110639998413,78.35189089299776,success
matrix_llama_gguf-q4_k_m_128in_256out_c1,2026-06-17T16:22:52.910108+00:00,llama,qwen2.5-7b-instruct-Q4_K_M,gguf-q4_k_m,128,256,1,3267.3680930001865,12.763156613281978,3267.3680930001865,3267.3680930001865,78.35052333051763,success
matrix_llama_gguf-q4_k_m_128in_256out_c1,2026-06-17T16:22:52.910108+00:00,llama,qwen2.5-7b-instruct-Q4_K_M,gguf-q4_k_m,128,256,1,3263.2154419998187,12.746935320311792,3263.2154419998187,3263.2154419998187,78.45022939800559,success
matrix_llama_gguf-q4_k_m_128in_256out_c4,2026-06-17T16:23:53.236824+00:00,llama,qwen2.5-7b-instruct-Q4_K_M,gguf-q4_k_m,128,256,4,5537.2109230002025,21.62973016796954,5537.2109230002025,5537.2109230002025,46.232661814748546,success
matrix_llama_gguf-q4_k_m_128in_256out_c4,2026-06-17T16:23:53.236824+00:00,llama,qwen2.5-7b-instruct-Q4_K_M,gguf-q4_k_m,128,256,4,5527.294751000227,21.590995121094636,5527.294751000227,5527.294751000227,46.31560492656446,success
matrix_llama_gguf-q4_k_m_128in_256out_c4,2026-06-17T16:23:53.236824+00:00,llama,qwen2.5-7b-instruct-Q4_K_M,gguf-q4_k_m,128,256,4,5507.463031000043,21.513527464843918,5507.463031000043,5507.463031000043,46.48238191687246,success
matrix_llama_gguf-q4_k_m_128in_256out_c4,2026-06-17T16:23:53.236824+00:00,llama,qwen2.5-7b-instruct-Q4_K_M,gguf-q4_k_m,128,256,4,5508.3516470003815,21.51699862109524,5508.3516470003815,5508.3516470003815,46.47488330549974,success
matrix_llama_gguf-q4_k_m_128in_256out_c4,2026-06-17T16:23:53.236824+00:00,llama,qwen2.5-7b-instruct-Q4_K_M,gguf-q4_k_m,128,256,4,8099.63259199958,31.63918981249836,8099.63259199958,8099.63259199958,31.606371905420037,success
matrix_llama_gguf-q4_k_m_128in_256out_c4,2026-06-17T16:23:53.236824+00:00,llama,qwen2.5-7b-instruct-Q4_K_M,gguf-q4_k_m,128,256,4,8099.415211000633,31.63834066797122,8099.415211000633,8099.415211000633,31.607220191934424,success
matrix_llama_gguf-q4_k_m_128in_256out_c4,2026-06-17T16:23:53.236824+00:00,llama,qwen2.5-7b-instruct-Q4_K_M,gguf-q4_k_m,128,256,4,8090.41501899992,31.603183667968437,8090.41501899992,8090.41501899992,31.642381682373188,success
matrix_llama_gguf-q4_k_m_128in_256out_c4,2026-06-17T16:23:53.236824+00:00,llama,qwen2.5-7b-instruct-Q4_K_M,gguf-q4_k_m,128,256,4,8081.692462999854,31.56911118359318,8081.692462999854,8081.692462999854,31.676533247464732,success
matrix_llama_gguf-q4_k_m_128in_256out_c4,2026-06-17T16:23:53.236824+00:00,llama,qwen2.5-7b-instruct-Q4_K_M,gguf-q4_k_m,128,256,4,8112.445548999858,31.689240425780696,8112.445548999858,8112.445548999858,31.556452176318267,success
matrix_llama_gguf-q4_k_m_128in_256out_c4,2026-06-17T16:23:53.236824+00:00,llama,qwen2.5-7b-instruct-Q4_K_M,gguf-q4_k_m,128,256,4,8112.764269000763,31.69048542578423,8112.764269000763,8112.764269000763,31.555212441977083,success
matrix_llama_gguf-q4_k_m_128in_256out_c4,2026-06-17T16:23:53.236824+00:00,llama,qwen2.5-7b-instruct-Q4_K_M,gguf-q4_k_m,128,256,4,8103.631885000141,31.6548120507818,8103.631885000141,8103.631885000141,31.59077357324895,success
matrix_llama_gguf-q4_k_m_128in_256out_c4,2026-06-17T16:23:53.236824+00:00,llama,qwen2.5-7b-instruct-Q4_K_M,gguf-q4_k_m,128,256,4,8094.781015999615,31.620238343748497,8094.781015999615,8094.781015999615,31.625315063373193,success
matrix_llama_gguf-q4_k_m_128in_256out_c4,2026-06-17T16:23:53.236824+00:00,llama,qwen2.5-7b-instruct-Q4_K_M,gguf-q4_k_m,128,256,4,8159.197037000013,31.8718634257813,8159.197037000013,8159.197037000013,31.375636455291012,success
matrix_llama_gguf-q4_k_m_128in_256out_c4,2026-06-17T16:23:53.236824+00:00,llama,qwen2.5-7b-instruct-Q4_K_M,gguf-q4_k_m,128,256,4,8159.991257999536,31.874965851560688,8159.991257999536,8159.991257999536,31.372582629795577,success
matrix_llama_gguf-q4_k_m_128in_256out_c4,2026-06-17T16:23:53.236824+00:00,llama,qwen2.5-7b-instruct-Q4_K_M,gguf-q4_k_m,128,256,4,8151.096935999703,31.84022240624884,8151.096935999703,8151.096935999703,31.40681579547459,success
matrix_llama_gguf-q4_k_m_128in_256out_c4,2026-06-17T16:23:53.236824+00:00,llama,qwen2.5-7b-instruct-Q4_K_M,gguf-q4_k_m,128,256,4,8131.982010000684,31.76555472656517,8131.982010000684,8131.982010000684,31.480640228319746,success
matrix_llama_gguf-q4_k_m_128in_256out_c4,2026-06-17T16:23:53.236824+00:00,llama,qwen2.5-7b-instruct-Q4_K_M,gguf-q4_k_m,128,256,4,8072.179824000159,31.53195243750062,8072.179824000159,8072.179824000159,31.713862374431038,success
matrix_llama_gguf-q4_k_m_128in_256out_c4,2026-06-17T16:23:53.236824+00:00,llama,qwen2.5-7b-instruct-Q4_K_M,gguf-q4_k_m,128,256,4,8052.702009000313,31.455867222657474,8052.702009000313,8052.702009000313,31.790571626005146,success
matrix_llama_gguf-q4_k_m_128in_256out_c4,2026-06-17T16:23:53.236824+00:00,llama,qwen2.5-7b-instruct-Q4_K_M,gguf-q4_k_m,128,256,4,8053.633192999769,31.459504660155346,8053.633192999769,8053.633192999769,31.786895909602094,success
matrix_llama_gguf-q4_k_m_128in_256out_c4,2026-06-17T16:23:53.236824+00:00,llama,qwen2.5-7b-instruct-Q4_K_M,gguf-q4_k_m,128,256,4,8044.609525999476,31.424255960935454,8044.609525999476,8044.609525999476,31.82255138333692,success
matrix_llama_gguf-q4_k_m_128in_256out_c4,2026-06-17T16:23:53.236824+00:00,llama,qwen2.5-7b-instruct-Q4_K_M,gguf-q4_k_m,128,256,4,8164.127136999923,31.89112162890595,8164.127136999923,8164.127136999923,31.356689540000534,success
matrix_llama_gguf-q4_k_m_128in_256out_c4,2026-06-17T16:23:53.236824+00:00,llama,qwen2.5-7b-instruct-Q4_K_M,gguf-q4_k_m,128,256,4,8154.341383999963,31.852896031249855,8154.341383999963,8154.341383999963,31.394319656803955,success
matrix_llama_gguf-q4_k_m_128in_256out_c4,2026-06-17T16:23:53.236824+00:00,llama,qwen2.5-7b-instruct-Q4_K_M,gguf-q4_k_m,128,256,4,8134.980437000195,31.77726733203201,8134.980437000195,8134.980437000195,31.469036954980186,success
matrix_llama_gguf-q4_k_m_128in_256out_c4,2026-06-17T16:23:53.236824+00:00,llama,qwen2.5-7b-instruct-Q4_K_M,gguf-q4_k_m,128,256,4,8136.293859000034,31.782397886718883,8136.293859000034,8136.293859000034,31.46395698538141,success
matrix_llama_gguf-q4_k_m_128in_256out_c4,2026-06-17T16:23:53.236824+00:00,llama,qwen2.5-7b-instruct-Q4_K_M,gguf-q4_k_m,128,256,4,8115.287452999837,31.700341613280614,8115.287452999837,8115.287452999837,31.545401377663946,success
matrix_llama_gguf-q4_k_m_128in_256out_c4,2026-06-17T16:23:53.236824+00:00,llama,qwen2.5-7b-instruct-Q4_K_M,gguf-q4_k_m,128,256,4,8125.7007969998085,31.741018738280502,8125.7007969998085,8125.7007969998085,31.504974942533075,success
matrix_llama_gguf-q4_k_m_128in_256out_c4,2026-06-17T16:23:53.236824+00:00,llama,qwen2.5-7b-instruct-Q4_K_M,gguf-q4_k_m,128,256,4,8116.349203999562,31.704489078123288,8116.349203999562,8116.349203999562,31.541274724090076,success
matrix_llama_gguf-q4_k_m_128in_256out_c4,2026-06-17T16:23:53.236824+00:00,llama,qwen2.5-7b-instruct-Q4_K_M,gguf-q4_k_m,128,256,4,8086.441714999637,31.587662949217332,8086.441714999637,8086.441714999637,31.657929287382675,success
matrix_llama_gguf-q4_k_m_128in_256out_c4,2026-06-17T16:23:53.236824+00:00,llama,qwen2.5-7b-instruct-Q4_K_M,gguf-q4_k_m,128,256,4,6006.635988000198,23.463421828125774,6006.635988000198,6006.635988000198,42.61952955221956,success
matrix_llama_gguf-q4_k_m_128in_256out_c4,2026-06-17T16:23:53.236824+00:00,llama,qwen2.5-7b-instruct-Q4_K_M,gguf-q4_k_m,128,256,4,5996.397966000586,23.42342955468979,5996.397966000586,5996.397966000586,42.69229651726137,success
matrix_llama_gguf-q4_k_m_128in_256out_c8,2026-06-17T16:24:55.201821+00:00,llama,qwen2.5-7b-instruct-Q4_K_M,gguf-q4_k_m,128,256,8,7041.7540010002995,27.50685156640742,7041.7540010002995,7041.7540010002995,36.3545786978123,success
matrix_llama_gguf-q4_k_m_128in_256out_c8,2026-06-17T16:24:55.201821+00:00,llama,qwen2.5-7b-instruct-Q4_K_M,gguf-q4_k_m,128,256,8,7014.607615999921,27.400810999999692,7014.607615999921,7014.607615999921,36.495270158245,success
matrix_llama_gguf-q4_k_m_128in_256out_c8,2026-06-17T16:24:55.201821+00:00,llama,qwen2.5-7b-instruct-Q4_K_M,gguf-q4_k_m,128,256,8,7004.699649999566,27.362108007810804,7004.699649999566,7004.699649999566,36.54689177144317,success
matrix_llama_gguf-q4_k_m_128in_256out_c8,2026-06-17T16:24:55.201821+00:00,llama,qwen2.5-7b-instruct-Q4_K_M,gguf-q4_k_m,128,256,8,15243.468237000343,59.54479780078259,15243.468237000343,15243.468237000343,16.79407835669663,success
matrix_llama_gguf-q4_k_m_128in_256out_c8,2026-06-17T16:24:55.201821+00:00,llama,qwen2.5-7b-instruct-Q4_K_M,gguf-q4_k_m,128,256,8,7005.025659000239,27.363381480469684,7005.025659000239,7005.025659000239,36.54519090463067,success
matrix_llama_gguf-q4_k_m_128in_256out_c8,2026-06-17T16:24:55.201821+00:00,llama,qwen2.5-7b-instruct-Q4_K_M,gguf-q4_k_m,128,256,8,15225.729015999605,59.475503968748455,15225.729015999605,15225.729015999605,16.813644833097207,success
matrix_llama_gguf-q4_k_m_128in_256out_c8,2026-06-17T16:24:55.201821+00:00,llama,qwen2.5-7b-instruct-Q4_K_M,gguf-q4_k_m,128,256,8,15205.32386099967,59.39579633202996,15205.32386099967,15205.32386099967,16.83620831363005,success
matrix_llama_gguf-q4_k_m_128in_256out_c8,2026-06-17T16:24:55.201821+00:00,llama,qwen2.5-7b-instruct-Q4_K_M,gguf-q4_k_m,128,256,8,15201.265542000328,59.37994352343878,15201.265542000328,15201.265542000328,16.840703117295394,success
matrix_llama_gguf-q4_k_m_128in_256out_c8,2026-06-17T16:24:55.201821+00:00,llama,qwen2.5-7b-instruct-Q4_K_M,gguf-q4_k_m,128,256,8,16423.30001799928,64.1535156953097,16423.30001799928,16423.30001799928,15.587610268303825,success
matrix_llama_gguf-q4_k_m_128in_256out_c8,2026-06-17T16:24:55.201821+00:00,llama,qwen2.5-7b-instruct-Q4_K_M,gguf-q4_k_m,128,256,8,16412.93469700031,64.11302616015746,16412.93469700031,16412.93469700031,15.597454369131654,success
matrix_llama_gguf-q4_k_m_128in_256out_c8,2026-06-17T16:24:55.201821+00:00,llama,qwen2.5-7b-instruct-Q4_K_M,gguf-q4_k_m,128,256,8,16382.90205300018,63.99571114453195,16382.90205300018,16382.90205300018,15.626047154027821,success
matrix_llama_gguf-q4_k_m_128in_256out_c8,2026-06-17T16:24:55.201821+00:00,llama,qwen2.5-7b-instruct-Q4_K_M,gguf-q4_k_m,128,256,8,16373.320906999652,63.95828479296739,16373.320906999652,16373.320906999652,15.635191019224395,success
matrix_llama_gguf-q4_k_m_128in_256out_c8,2026-06-17T16:24:55.201821+00:00,llama,qwen2.5-7b-instruct-Q4_K_M,gguf-q4_k_m,128,256,8,16333.203829999547,63.80157746093573,16333.203829999547,16333.203829999547,15.673593660161107,success
matrix_llama_gguf-q4_k_m_128in_256out_c8,2026-06-17T16:24:55.201821+00:00,llama,qwen2.5-7b-instruct-Q4_K_M,gguf-q4_k_m,128,256,8,16322.85395800045,63.76114827343926,16322.85395800045,16322.85395800045,15.683531854092505,success
matrix_llama_gguf-q4_k_m_128in_256out_c8,2026-06-17T16:24:55.201821+00:00,llama,qwen2.5-7b-instruct-Q4_K_M,gguf-q4_k_m,128,256,8,16313.66104100016,63.72523844140687,16313.66104100016,16313.66104100016,15.692369686768062,success
matrix_llama_gguf-q4_k_m_128in_256out_c8,2026-06-17T16:24:55.201821+00:00,llama,qwen2.5-7b-instruct-Q4_K_M,gguf-q4_k_m,128,256,8,16292.997728000046,63.64452237500018,16292.997728000046,16292.997728000046,15.712271263627299,success
matrix_llama_gguf-q4_k_m_128in_256out_c8,2026-06-17T16:24:55.201821+00:00,llama,qwen2.5-7b-instruct-Q4_K_M,gguf-q4_k_m,128,256,8,16277.136011000039,63.5825625429689,16277.136011000039,16277.136011000039,15.727582532147915,success
matrix_llama_gguf-q4_k_m_128in_256out_c8,2026-06-17T16:24:55.201821+00:00,llama,qwen2.5-7b-instruct-Q4_K_M,gguf-q4_k_m,128,256,8,16267.57097600057,63.54519912500223,16267.57097600057,16267.57097600057,15.73683006379225,success
matrix_llama_gguf-q4_k_m_128in_256out_c8,2026-06-17T16:24:55.201821+00:00,llama,qwen2.5-7b-instruct-Q4_K_M,gguf-q4_k_m,128,256,8,16229.971892000322,63.398327703126256,16229.971892000322,16229.971892000322,15.7732867132186,success
matrix_llama_gguf-q4_k_m_128in_256out_c8,2026-06-17T16:24:55.201821+00:00,llama,qwen2.5-7b-instruct-Q4_K_M,gguf-q4_k_m,128,256,8,16220.792490000349,63.36247066406386,16220.792490000349,16220.792490000349,15.78221287016751,success
matrix_llama_gguf-q4_k_m_128in_256out_c8,2026-06-17T16:24:55.201821+00:00,llama,qwen2.5-7b-instruct-Q4_K_M,gguf-q4_k_m,128,256,8,16243.09249199996,63.44958004687484,16243.09249199996,16243.09249199996,15.760545605837374,success
matrix_llama_gguf-q4_k_m_128in_256out_c8,2026-06-17T16:24:55.201821+00:00,llama,qwen2.5-7b-instruct-Q4_K_M,gguf-q4_k_m,128,256,8,16213.916026000334,63.3356094765638,16213.916026000334,16213.916026000334,15.788906245072639,success
matrix_llama_gguf-q4_k_m_128in_256out_c8,2026-06-17T16:24:55.201821+00:00,llama,qwen2.5-7b-instruct-Q4_K_M,gguf-q4_k_m,128,256,8,16204.967632000262,63.30065481250102,16204.967632000262,16204.967632000262,15.797624889695667,success
matrix_llama_gguf-q4_k_m_128in_256out_c8,2026-06-17T16:24:55.201821+00:00,llama,qwen2.5-7b-instruct-Q4_K_M,gguf-q4_k_m,128,256,8,16215.086297000198,63.340180847657024,16215.086297000198,16215.086297000198,15.787766732228873,success
matrix_llama_gguf-q4_k_m_128in_256out_c8,2026-06-17T16:24:55.201821+00:00,llama,qwen2.5-7b-instruct-Q4_K_M,gguf-q4_k_m,128,256,8,16198.14728700021,63.27401283984457,16198.14728700021,16198.14728700021,15.804276591894695,success
matrix_llama_gguf-q4_k_m_128in_256out_c8,2026-06-17T16:24:55.201821+00:00,llama,qwen2.5-7b-instruct-Q4_K_M,gguf-q4_k_m,128,256,8,16186.600414000168,63.228907867188155,16186.600414000168,16186.600414000168,15.815550730379409,success
matrix_llama_gguf-q4_k_m_128in_256out_c8,2026-06-17T16:24:55.201821+00:00,llama,qwen2.5-7b-instruct-Q4_K_M,gguf-q4_k_m,128,256,8,16172.691449000013,63.1745759726563,16172.691449000013,16172.691449000013,15.829152544416406,success
matrix_llama_gguf-q4_k_m_128in_256out_c8,2026-06-17T16:24:55.201821+00:00,llama,qwen2.5-7b-instruct-Q4_K_M,gguf-q4_k_m,128,256,8,16162.036739000541,63.132956011720864,16162.036739000541,16162.036739000541,15.83958780283227,success
matrix_llama_gguf-q4_k_m_128in_256out_c8,2026-06-17T16:24:55.201821+00:00,llama,qwen2.5-7b-instruct-Q4_K_M,gguf-q4_k_m,128,256,8,14107.661574999838,55.10805302734312,14107.661574999838,14107.661574999838,18.146168210730057,success
matrix_llama_gguf-q4_k_m_128in_256out_c8,2026-06-17T16:24:55.201821+00:00,llama,qwen2.5-7b-instruct-Q4_K_M,gguf-q4_k_m,128,256,8,14098.687321000398,55.072997347657804,14098.687321000398,14098.687321000398,18.157718812494032,success
matrix_llama_gguf-q4_k_m_128in_256out_c16,2026-06-17T16:25:55.144451+00:00,llama,qwen2.5-7b-instruct-Q4_K_M,gguf-q4_k_m,128,256,16,7090.119520999906,27.695779378905883,7090.119520999906,7090.119520999906,36.10658455640488,success
matrix_llama_gguf-q4_k_m_128in_256out_c16,2026-06-17T16:25:55.144451+00:00,llama,qwen2.5-7b-instruct-Q4_K_M,gguf-q4_k_m,128,256,16,15331.430141000055,59.888398988281466,15331.430141000055,15331.430141000055,16.697724716195417,success
matrix_llama_gguf-q4_k_m_128in_256out_c16,2026-06-17T16:25:55.144451+00:00,llama,qwen2.5-7b-instruct-Q4_K_M,gguf-q4_k_m,128,256,16,23509.898380000777,91.83554054687804,23509.898380000777,23509.898380000777,10.889030478233463,success
matrix_llama_gguf-q4_k_m_128in_256out_c16,2026-06-17T16:25:55.144451+00:00,llama,qwen2.5-7b-instruct-Q4_K_M,gguf-q4_k_m,128,256,16,7062.72396499935,27.58876548827871,7062.72396499935,7062.72396499935,36.24663816236567,success
matrix_llama_gguf-q4_k_m_128in_256out_c16,2026-06-17T16:25:55.144451+00:00,llama,qwen2.5-7b-instruct-Q4_K_M,gguf-q4_k_m,128,256,16,7053.043371000058,27.550950667968976,7053.043371000058,7053.043371000058,36.29638817373407,success
matrix_llama_gguf-q4_k_m_128in_256out_c16,2026-06-17T16:25:55.144451+00:00,llama,qwen2.5-7b-instruct-Q4_K_M,gguf-q4_k_m,128,256,16,7033.436927999901,27.474362999999613,7033.436927999901,7033.436927999901,36.39756816199939,success
matrix_llama_gguf-q4_k_m_128in_256out_c16,2026-06-17T16:25:55.144451+00:00,llama,qwen2.5-7b-instruct-Q4_K_M,gguf-q4_k_m,128,256,16,15276.050880000184,59.67207375000072,15276.050880000184,15276.050880000184,16.75825787770595,success
matrix_llama_gguf-q4_k_m_128in_256out_c16,2026-06-17T16:25:55.144451+00:00,llama,qwen2.5-7b-instruct-Q4_K_M,gguf-q4_k_m,128,256,16,15257.240005999847,59.5985937734369,15257.240005999847,15257.240005999847,16.77891937855923,success
matrix_llama_gguf-q4_k_m_128in_256out_c16,2026-06-17T16:25:55.144451+00:00,llama,qwen2.5-7b-instruct-Q4_K_M,gguf-q4_k_m,128,256,16,15247.806450999633,59.561743949217316,15247.806450999633,15247.806450999633,16.789300206733465,success
matrix_llama_gguf-q4_k_m_128in_256out_c16,2026-06-17T16:25:55.144451+00:00,llama,qwen2.5-7b-instruct-Q4_K_M,gguf-q4_k_m,128,256,16,31379.0238040001,122.57431173437539,31379.0238040001,31379.0238040001,8.158316256076963,success
matrix_llama_gguf-q4_k_m_128in_256out_c16,2026-06-17T16:25:55.144451+00:00,llama,qwen2.5-7b-instruct-Q4_K_M,gguf-q4_k_m,128,256,16,23428.286227999706,91.51674307812385,23428.286227999706,23428.286227999706,10.926962284336797,success
matrix_llama_gguf-q4_k_m_128in_256out_c16,2026-06-17T16:25:55.144451+00:00,llama,qwen2.5-7b-instruct-Q4_K_M,gguf-q4_k_m,128,256,16,31361.077090000435,122.5042073828142,31361.077090000435,31361.077090000435,8.162984940387341,success
matrix_llama_gguf-q4_k_m_128in_256out_c16,2026-06-17T16:25:55.144451+00:00,llama,qwen2.5-7b-instruct-Q4_K_M,gguf-q4_k_m,128,256,16,23399.510152000403,91.40433653125157,23399.510152000403,23399.510152000403,10.940399962950284,success
matrix_llama_gguf-q4_k_m_128in_256out_c16,2026-06-17T16:25:55.144451+00:00,llama,qwen2.5-7b-instruct-Q4_K_M,gguf-q4_k_m,128,256,16,23400.176564000503,91.40693970312697,23400.176564000503,23400.176564000503,10.94008839206101,success
matrix_llama_gguf-q4_k_m_128in_256out_c16,2026-06-17T16:25:55.144451+00:00,llama,qwen2.5-7b-instruct-Q4_K_M,gguf-q4_k_m,128,256,16,31331.8950339999,122.3902149765621,31331.8950339999,31331.8950339999,8.170587821840998,success
matrix_llama_gguf-q4_k_m_128in_256out_c16,2026-06-17T16:25:55.144451+00:00,llama,qwen2.5-7b-instruct-Q4_K_M,gguf-q4_k_m,128,256,16,31310.78551200062,122.30775590625242,31310.78551200062,31310.78551200062,8.176096377456956,success
matrix_llama_gguf-q4_k_m_128in_256out_c16,2026-06-17T16:25:55.144451+00:00,llama,qwen2.5-7b-instruct-Q4_K_M,gguf-q4_k_m,128,256,16,31929.784758000096,124.72572171093788,31929.784758000096,31929.784758000096,8.0175924122338,success
matrix_llama_gguf-q4_k_m_128in_256out_c16,2026-06-17T16:25:55.144451+00:00,llama,qwen2.5-7b-instruct-Q4_K_M,gguf-q4_k_m,128,256,16,31918.413338999926,124.68130210546846,31918.413338999926,31918.413338999926,8.020448801169044,success
matrix_llama_gguf-q4_k_m_128in_256out_c16,2026-06-17T16:25:55.144451+00:00,llama,qwen2.5-7b-instruct-Q4_K_M,gguf-q4_k_m,128,256,16,31908.591107000575,124.642934011721,31908.591107000575,31908.591107000575,8.022917688265935,success
matrix_llama_gguf-q4_k_m_128in_256out_c16,2026-06-17T16:25:55.144451+00:00,llama,qwen2.5-7b-instruct-Q4_K_M,gguf-q4_k_m,128,256,16,31900.49470700069,124.61130744922144,31900.49470700069,31900.49470700069,8.024953918467597,success
matrix_llama_gguf-q4_k_m_128in_256out_c16,2026-06-17T16:25:55.144451+00:00,llama,qwen2.5-7b-instruct-Q4_K_M,gguf-q4_k_m,128,256,16,31203.69042099992,121.88941570703093,31203.69042099992,31203.69042099992,8.204157794993163,success
matrix_llama_gguf-q4_k_m_128in_256out_c16,2026-06-17T16:25:55.144451+00:00,llama,qwen2.5-7b-instruct-Q4_K_M,gguf-q4_k_m,128,256,16,31194.430425000064,121.8532438476565,31194.430425000064,31194.430425000064,8.206593180647872,success
matrix_llama_gguf-q4_k_m_128in_256out_c16,2026-06-17T16:25:55.144451+00:00,llama,qwen2.5-7b-instruct-Q4_K_M,gguf-q4_k_m,128,256,16,31183.94972399983,121.81230360937434,31183.94972399983,31183.94972399983,8.20935135753432,success
matrix_llama_gguf-q4_k_m_128in_256out_c16,2026-06-17T16:25:55.144451+00:00,llama,qwen2.5-7b-instruct-Q4_K_M,gguf-q4_k_m,128,256,16,31175.168024999948,121.77800009765605,31175.168024999948,31175.168024999948,8.21166384074366,success
matrix_llama_gguf-q4_k_m_128in_256out_c16,2026-06-17T16:25:55.144451+00:00,llama,qwen2.5-7b-instruct-Q4_K_M,gguf-q4_k_m,128,256,16,30570.289743000103,119.41519430859415,30570.289743000103,30570.289743000103,8.374143724254957,success
matrix_llama_gguf-q4_k_m_128in_256out_c16,2026-06-17T16:25:55.144451+00:00,llama,qwen2.5-7b-instruct-Q4_K_M,gguf-q4_k_m,128,256,16,30559.827134999978,119.37432474609366,30559.827134999978,30559.827134999978,8.37701073599349,success
matrix_llama_gguf-q4_k_m_128in_256out_c16,2026-06-17T16:25:55.144451+00:00,llama,qwen2.5-7b-instruct-Q4_K_M,gguf-q4_k_m,128,256,16,30548.501811999813,119.33008520312427,30548.501811999813,30548.501811999813,8.380116366277582,success
matrix_llama_gguf-q4_k_m_128in_256out_c16,2026-06-17T16:25:55.144451+00:00,llama,qwen2.5-7b-instruct-Q4_K_M,gguf-q4_k_m,128,256,16,30539.993612000217,119.29685004687585,30539.993612000217,30539.993612000217,8.382451000232324,success
matrix_llama_gguf-q4_k_m_128in_256out_c16,2026-06-17T16:25:55.144451+00:00,llama,qwen2.5-7b-instruct-Q4_K_M,gguf-q4_k_m,128,256,16,28454.756978999285,111.15139444921596,28454.756978999285,28454.756978999285,8.996738232167575,success
matrix_llama_gguf-q4_k_m_128in_256out_c16,2026-06-17T16:25:55.144451+00:00,llama,qwen2.5-7b-instruct-Q4_K_M,gguf-q4_k_m,128,256,16,28433.8103529999,111.06957169140586,28433.8103529999,28433.8103529999,9.003365951373127,success
matrix_llama_gguf-q4_k_m_512in_64out_c1,2026-06-17T16:26:20.994269+00:00,llama,qwen2.5-7b-instruct-Q4_K_M,gguf-q4_k_m,512,64,1,1920.6569469997703,30.01026479687141,1920.6569469997703,1920.6569469997703,33.32193190458788,success
matrix_llama_gguf-q4_k_m_512in_64out_c1,2026-06-17T16:26:20.994269+00:00,llama,qwen2.5-7b-instruct-Q4_K_M,gguf-q4_k_m,512,64,1,813.8523719999284,12.716443312498882,813.8523719999284,813.8523719999284,78.63834056627364,success
matrix_llama_gguf-q4_k_m_512in_64out_c1,2026-06-17T16:26:20.994269+00:00,llama,qwen2.5-7b-instruct-Q4_K_M,gguf-q4_k_m,512,64,1,815.530003999811,12.742656312497047,815.530003999811,815.530003999811,78.47657313171624,success
matrix_llama_gguf-q4_k_m_512in_64out_c1,2026-06-17T16:26:20.994269+00:00,llama,qwen2.5-7b-instruct-Q4_K_M,gguf-q4_k_m,512,64,1,811.3896799995928,12.677963749993637,811.3896799995928,811.3896799995928,78.87701997889857,success
matrix_llama_gguf-q4_k_m_512in_64out_c1,2026-06-17T16:26:20.994269+00:00,llama,qwen2.5-7b-instruct-Q4_K_M,gguf-q4_k_m,512,64,1,814.0954830005285,12.720241921883257,814.0954830005285,814.0954830005285,78.61485702403591,success
matrix_llama_gguf-q4_k_m_512in_64out_c1,2026-06-17T16:26:20.994269+00:00,llama,qwen2.5-7b-instruct-Q4_K_M,gguf-q4_k_m,512,64,1,812.6069789996109,12.69698404686892,812.6069789996109,812.6069789996109,78.7588608687431,success
matrix_llama_gguf-q4_k_m_512in_64out_c1,2026-06-17T16:26:20.994269+00:00,llama,qwen2.5-7b-instruct-Q4_K_M,gguf-q4_k_m,512,64,1,813.346320999699,12.708536265620296,813.346320999699,813.346320999699,78.68726807706761,success
matrix_llama_gguf-q4_k_m_512in_64out_c1,2026-06-17T16:26:20.994269+00:00,llama,qwen2.5-7b-instruct-Q4_K_M,gguf-q4_k_m,512,64,1,832.7381079998304,13.01153293749735,832.7381079998304,832.7381079998304,76.85489517673548,success
matrix_llama_gguf-q4_k_m_512in_64out_c1,2026-06-17T16:26:20.994269+00:00,llama,qwen2.5-7b-instruct-Q4_K_M,gguf-q4_k_m,512,64,1,815.0306170000476,12.734853390625744,815.0306170000476,815.0306170000476,78.52465743626937,success
matrix_llama_gguf-q4_k_m_512in_64out_c1,2026-06-17T16:26:20.994269+00:00,llama,qwen2.5-7b-instruct-Q4_K_M,gguf-q4_k_m,512,64,1,810.8385250006904,12.669351953135788,810.8385250006904,810.8385250006904,78.93063541837199,success
matrix_llama_gguf-q4_k_m_512in_64out_c1,2026-06-17T16:26:20.994269+00:00,llama,qwen2.5-7b-instruct-Q4_K_M,gguf-q4_k_m,512,64,1,810.4594959995666,12.663429624993228,810.4594959995666,810.4594959995666,78.96754904582453,success
matrix_llama_gguf-q4_k_m_512in_64out_c1,2026-06-17T16:26:20.994269+00:00,llama,qwen2.5-7b-instruct-Q4_K_M,gguf-q4_k_m,512,64,1,808.7675050001053,12.636992265626645,808.7675050001053,808.7675050001053,79.13275397976291,success
matrix_llama_gguf-q4_k_m_512in_64out_c1,2026-06-17T16:26:20.994269+00:00,llama,qwen2.5-7b-instruct-Q4_K_M,gguf-q4_k_m,512,64,1,814.3793819999701,12.724677843749532,814.3793819999701,814.3793819999701,78.5874512721914,success
matrix_llama_gguf-q4_k_m_512in_64out_c1,2026-06-17T16:26:20.994269+00:00,llama,qwen2.5-7b-instruct-Q4_K_M,gguf-q4_k_m,512,64,1,814.2240849992959,12.722251328113998,814.2240849992959,814.2240849992959,78.60244026072422,success
matrix_llama_gguf-q4_k_m_512in_64out_c1,2026-06-17T16:26:20.994269+00:00,llama,qwen2.5-7b-instruct-Q4_K_M,gguf-q4_k_m,512,64,1,815.2929150001,12.738951796876563,815.2929150001,815.2929150001,78.49939429437106,success
matrix_llama_gguf-q4_k_m_512in_64out_c1,2026-06-17T16:26:20.994269+00:00,llama,qwen2.5-7b-instruct-Q4_K_M,gguf-q4_k_m,512,64,1,815.7215879991782,12.745649812487159,815.7215879991782,815.7215879991782,78.45814177479447,success
matrix_llama_gguf-q4_k_m_512in_64out_c1,2026-06-17T16:26:20.994269+00:00,llama,qwen2.5-7b-instruct-Q4_K_M,gguf-q4_k_m,512,64,1,814.5632109999497,12.727550171874213,814.5632109999497,814.5632109999497,78.5697158130113,success
matrix_llama_gguf-q4_k_m_512in_64out_c1,2026-06-17T16:26:20.994269+00:00,llama,qwen2.5-7b-instruct-Q4_K_M,gguf-q4_k_m,512,64,1,815.9048150000672,12.74851273437605,815.9048150000672,815.9048150000672,78.44052250138361,success
matrix_llama_gguf-q4_k_m_512in_64out_c1,2026-06-17T16:26:20.994269+00:00,llama,qwen2.5-7b-instruct-Q4_K_M,gguf-q4_k_m,512,64,1,819.5176909994188,12.80496392186592,819.5176909994188,819.5176909994188,78.09471437029099,success
matrix_llama_gguf-q4_k_m_512in_64out_c1,2026-06-17T16:26:20.994269+00:00,llama,qwen2.5-7b-instruct-Q4_K_M,gguf-q4_k_m,512,64,1,814.4582029999583,12.725909421874348,814.4582029999583,814.4582029999583,78.57984579719836,success
matrix_llama_gguf-q4_k_m_512in_64out_c1,2026-06-17T16:26:20.994269+00:00,llama,qwen2.5-7b-instruct-Q4_K_M,gguf-q4_k_m,512,64,1,814.872579000621,12.732384046884704,814.872579000621,814.872579000621,78.53988666361937,success
matrix_llama_gguf-q4_k_m_512in_64out_c1,2026-06-17T16:26:20.994269+00:00,llama,qwen2.5-7b-instruct-Q4_K_M,gguf-q4_k_m,512,64,1,812.123726000209,12.689433218753265,812.123726000209,812.123726000209,78.80572621022469,success
matrix_llama_gguf-q4_k_m_512in_64out_c1,2026-06-17T16:26:20.994269+00:00,llama,qwen2.5-7b-instruct-Q4_K_M,gguf-q4_k_m,512,64,1,811.2539960002323,12.67584368750363,811.2539960002323,811.2539960002323,78.89021233244154,success
matrix_llama_gguf-q4_k_m_512in_64out_c1,2026-06-17T16:26:20.994269+00:00,llama,qwen2.5-7b-instruct-Q4_K_M,gguf-q4_k_m,512,64,1,814.0267240005414,12.71916756250846,814.0267240005414,814.0267240005414,78.62149744356235,success
matrix_llama_gguf-q4_k_m_512in_64out_c1,2026-06-17T16:26:20.994269+00:00,llama,qwen2.5-7b-instruct-Q4_K_M,gguf-q4_k_m,512,64,1,811.9036170000982,12.685994015626534,811.9036170000982,811.9036170000982,78.82709062988724,success
matrix_llama_gguf-q4_k_m_512in_64out_c1,2026-06-17T16:26:20.994269+00:00,llama,qwen2.5-7b-instruct-Q4_K_M,gguf-q4_k_m,512,64,1,814.7746230006305,12.730853484384852,814.7746230006305,814.7746230006305,78.54932909459365,success
matrix_llama_gguf-q4_k_m_512in_64out_c1,2026-06-17T16:26:20.994269+00:00,llama,qwen2.5-7b-instruct-Q4_K_M,gguf-q4_k_m,512,64,1,813.36149299932,12.708773328114376,813.36149299932,813.36149299932,78.68580028788442,success
matrix_llama_gguf-q4_k_m_512in_64out_c1,2026-06-17T16:26:20.994269+00:00,llama,qwen2.5-7b-instruct-Q4_K_M,gguf-q4_k_m,512,64,1,816.3867030007168,12.7560422343862,816.3867030007168,816.3867030007168,78.39422146975342,success
matrix_llama_gguf-q4_k_m_512in_64out_c1,2026-06-17T16:26:20.994269+00:00,llama,qwen2.5-7b-instruct-Q4_K_M,gguf-q4_k_m,512,64,1,812.9590449998432,12.70248507812255,812.9590449998432,812.9590449998432,78.72475297942266,success
matrix_llama_gguf-q4_k_m_512in_64out_c1,2026-06-17T16:26:20.994269+00:00,llama,qwen2.5-7b-instruct-Q4_K_M,gguf-q4_k_m,512,64,1,823.2052599996678,12.862582187494809,823.2052599996678,823.2052599996678,77.74488710145734,success
matrix_llama_gguf-q4_k_m_512in_64out_c4,2026-06-17T16:26:39.913383+00:00,llama,qwen2.5-7b-instruct-Q4_K_M,gguf-q4_k_m,512,64,4,1461.3788730002852,22.834044890629457,1461.3788730002852,1461.3788730002852,43.79425567348236,success
matrix_llama_gguf-q4_k_m_512in_64out_c4,2026-06-17T16:26:39.913383+00:00,llama,qwen2.5-7b-instruct-Q4_K_M,gguf-q4_k_m,512,64,4,1482.8800499999488,23.1700007812492,1482.8800499999488,1482.8800499999488,43.15925620551858,success
matrix_llama_gguf-q4_k_m_512in_64out_c4,2026-06-17T16:26:39.913383+00:00,llama,qwen2.5-7b-instruct-Q4_K_M,gguf-q4_k_m,512,64,4,1473.5223990001032,23.023787484376612,1473.5223990001032,1473.5223990001032,43.4333404388212,success
matrix_llama_gguf-q4_k_m_512in_64out_c4,2026-06-17T16:26:39.913383+00:00,llama,qwen2.5-7b-instruct-Q4_K_M,gguf-q4_k_m,512,64,4,1453.4561930004202,22.710253015631565,1453.4561930004202,1453.4561930004202,44.03297485552872,success
matrix_llama_gguf-q4_k_m_512in_64out_c4,2026-06-17T16:26:39.913383+00:00,llama,qwen2.5-7b-instruct-Q4_K_M,gguf-q4_k_m,512,64,4,2348.243635000472,36.69130679688237,2348.243635000472,2348.243635000472,27.25441221093191,success
matrix_llama_gguf-q4_k_m_512in_64out_c4,2026-06-17T16:26:39.913383+00:00,llama,qwen2.5-7b-instruct-Q4_K_M,gguf-q4_k_m,512,64,4,2338.5713970001234,36.54017807812693,2338.5713970001234,2338.5713970001234,27.36713537251761,success
matrix_llama_gguf-q4_k_m_512in_64out_c4,2026-06-17T16:26:39.913383+00:00,llama,qwen2.5-7b-instruct-Q4_K_M,gguf-q4_k_m,512,64,4,2327.881387999696,36.37314668749525,2327.881387999696,2327.881387999696,27.492809698089463,success
matrix_llama_gguf-q4_k_m_512in_64out_c4,2026-06-17T16:26:39.913383+00:00,llama,qwen2.5-7b-instruct-Q4_K_M,gguf-q4_k_m,512,64,4,2318.917202999728,36.23308129687075,2318.917202999728,2318.917202999728,27.59908802143097,success
matrix_llama_gguf-q4_k_m_512in_64out_c4,2026-06-17T16:26:39.913383+00:00,llama,qwen2.5-7b-instruct-Q4_K_M,gguf-q4_k_m,512,64,4,2714.5277710005757,42.414496421883996,2714.5277710005757,2714.5277710005757,23.576844813935935,success
matrix_llama_gguf-q4_k_m_512in_64out_c4,2026-06-17T16:26:39.913383+00:00,llama,qwen2.5-7b-instruct-Q4_K_M,gguf-q4_k_m,512,64,4,2694.402082999659,42.10003254686967,2694.402082999659,2694.402082999659,23.75295075809519,success
matrix_llama_gguf-q4_k_m_512in_64out_c4,2026-06-17T16:26:39.913383+00:00,llama,qwen2.5-7b-instruct-Q4_K_M,gguf-q4_k_m,512,64,4,2695.607669999845,42.118869843747575,2695.607669999845,2695.607669999845,23.742327458210447,success
matrix_llama_gguf-q4_k_m_512in_64out_c4,2026-06-17T16:26:39.913383+00:00,llama,qwen2.5-7b-instruct-Q4_K_M,gguf-q4_k_m,512,64,4,2686.75297199934,41.98051518748969,2686.75297199934,2686.75297199934,23.82057474840144,success
matrix_llama_gguf-q4_k_m_512in_64out_c4,2026-06-17T16:26:39.913383+00:00,llama,qwen2.5-7b-instruct-Q4_K_M,gguf-q4_k_m,512,64,4,2694.1684280000118,42.096381687500184,2694.1684280000118,2694.1684280000118,23.75501076133898,success
matrix_llama_gguf-q4_k_m_512in_64out_c4,2026-06-17T16:26:39.913383+00:00,llama,qwen2.5-7b-instruct-Q4_K_M,gguf-q4_k_m,512,64,4,2693.3845150006164,42.08413304688463,2693.3845150006164,2693.3845150006164,23.761924687528456,success
matrix_llama_gguf-q4_k_m_512in_64out_c4,2026-06-17T16:26:39.913383+00:00,llama,qwen2.5-7b-instruct-Q4_K_M,gguf-q4_k_m,512,64,4,2684.5874370001184,41.94667870312685,2684.5874370001184,2684.5874370001184,23.839789726318823,success
matrix_llama_gguf-q4_k_m_512in_64out_c4,2026-06-17T16:26:39.913383+00:00,llama,qwen2.5-7b-instruct-Q4_K_M,gguf-q4_k_m,512,64,4,2669.472014999883,41.71050023437317,2669.472014999883,2669.472014999883,23.974778398267947,success
matrix_llama_gguf-q4_k_m_512in_64out_c4,2026-06-17T16:26:39.913383+00:00,llama,qwen2.5-7b-instruct-Q4_K_M,gguf-q4_k_m,512,64,4,2683.1423559997347,41.924099312495855,2683.1423559997347,2683.1423559997347,23.852629308650194,success
matrix_llama_gguf-q4_k_m_512in_64out_c4,2026-06-17T16:26:39.913383+00:00,llama,qwen2.5-7b-instruct-Q4_K_M,gguf-q4_k_m,512,64,4,2672.943299000508,41.76473904688294,2672.943299000508,2672.943299000508,23.943642958655907,success
matrix_llama_gguf-q4_k_m_512in_64out_c4,2026-06-17T16:26:39.913383+00:00,llama,qwen2.5-7b-instruct-Q4_K_M,gguf-q4_k_m,512,64,4,2673.7265850006224,41.776977890634726,2673.7265850006224,2673.7265850006224,23.93662850907588,success
matrix_llama_gguf-q4_k_m_512in_64out_c4,2026-06-17T16:26:39.913383+00:00,llama,qwen2.5-7b-instruct-Q4_K_M,gguf-q4_k_m,512,64,4,2664.220161999765,41.62844003124633,2664.220161999765,2664.220161999765,24.02203876122669,success
matrix_llama_gguf-q4_k_m_512in_64out_c4,2026-06-17T16:26:39.913383+00:00,llama,qwen2.5-7b-instruct-Q4_K_M,gguf-q4_k_m,512,64,4,2656.2939389996245,41.50459279686913,2656.2939389996245,2656.2939389996245,24.09371909499698,success
matrix_llama_gguf-q4_k_m_512in_64out_c4,2026-06-17T16:26:39.913383+00:00,llama,qwen2.5-7b-instruct-Q4_K_M,gguf-q4_k_m,512,64,4,2647.1875829993223,41.36230598436441,2647.1875829993223,2647.1875829993223,24.176601768238342,success
matrix_llama_gguf-q4_k_m_512in_64out_c4,2026-06-17T16:26:39.913383+00:00,llama,qwen2.5-7b-instruct-Q4_K_M,gguf-q4_k_m,512,64,4,2648.673265999605,41.38551978124383,2648.673265999605,2648.673265999605,24.163040727428683,success
matrix_llama_gguf-q4_k_m_512in_64out_c4,2026-06-17T16:26:39.913383+00:00,llama,qwen2.5-7b-instruct-Q4_K_M,gguf-q4_k_m,512,64,4,2639.890696999828,41.24829214062231,2639.890696999828,2639.890696999828,24.2434279846262,success
matrix_llama_gguf-q4_k_m_512in_64out_c4,2026-06-17T16:26:39.913383+00:00,llama,qwen2.5-7b-instruct-Q4_K_M,gguf-q4_k_m,512,64,4,2670.672039999772,41.72925062499644,2670.672039999772,2670.672039999772,23.964005703974593,success
matrix_llama_gguf-q4_k_m_512in_64out_c4,2026-06-17T16:26:39.913383+00:00,llama,qwen2.5-7b-instruct-Q4_K_M,gguf-q4_k_m,512,64,4,2671.6288150000764,41.744200234376194,2671.6288150000764,2671.6288150000764,23.955423612991,success
matrix_llama_gguf-q4_k_m_512in_64out_c4,2026-06-17T16:26:39.913383+00:00,llama,qwen2.5-7b-instruct-Q4_K_M,gguf-q4_k_m,512,64,4,2662.6953989998583,41.604615609372786,2662.6953989998583,2662.6953989998583,24.035794715399742,success
matrix_llama_gguf-q4_k_m_512in_64out_c4,2026-06-17T16:26:39.913383+00:00,llama,qwen2.5-7b-instruct-Q4_K_M,gguf-q4_k_m,512,64,4,2653.640761999668,41.46313690624481,2653.640761999668,2653.640761999668,24.11780860336664,success
matrix_llama_gguf-q4_k_m_512in_64out_c4,2026-06-17T16:26:39.913383+00:00,llama,qwen2.5-7b-instruct-Q4_K_M,gguf-q4_k_m,512,64,4,1611.4715970006728,25.179243703135512,1611.4715970006728,1611.4715970006728,39.715251648939415,success
matrix_llama_gguf-q4_k_m_512in_64out_c4,2026-06-17T16:26:39.913383+00:00,llama,qwen2.5-7b-instruct-Q4_K_M,gguf-q4_k_m,512,64,4,1601.7992389997744,25.028113109371475,1601.7992389997744,1601.7992389997744,39.9550695503914,success
matrix_llama_gguf-q4_k_m_512in_64out_c8,2026-06-17T16:26:59.682140+00:00,llama,qwen2.5-7b-instruct-Q4_K_M,gguf-q4_k_m,512,64,8,4799.723316000382,74.99567681250596,4799.723316000382,4799.723316000382,13.334101944303598,success
matrix_llama_gguf-q4_k_m_512in_64out_c8,2026-06-17T16:26:59.682140+00:00,llama,qwen2.5-7b-instruct-Q4_K_M,gguf-q4_k_m,512,64,8,2141.006500000003,33.45322656250005,2141.006500000003,2141.006500000003,29.8924828112385,success
matrix_llama_gguf-q4_k_m_512in_64out_c8,2026-06-17T16:26:59.682140+00:00,llama,qwen2.5-7b-instruct-Q4_K_M,gguf-q4_k_m,512,64,8,2121.5058180005144,33.14852840625804,2121.5058180005144,2121.5058180005144,30.167251702528436,success
matrix_llama_gguf-q4_k_m_512in_64out_c8,2026-06-17T16:26:59.682140+00:00,llama,qwen2.5-7b-instruct-Q4_K_M,gguf-q4_k_m,512,64,8,4772.612996999669,74.57207807811983,4772.612996999669,4772.612996999669,13.409844887954245,success
matrix_llama_gguf-q4_k_m_512in_64out_c8,2026-06-17T16:26:59.682140+00:00,llama,qwen2.5-7b-instruct-Q4_K_M,gguf-q4_k_m,512,64,8,2114.025828999729,33.03165357812077,2114.025828999729,2114.025828999729,30.273991510445352,success
matrix_llama_gguf-q4_k_m_512in_64out_c8,2026-06-17T16:26:59.682140+00:00,llama,qwen2.5-7b-instruct-Q4_K_M,gguf-q4_k_m,512,64,8,4770.084130000214,74.53256453125334,4770.084130000214,4770.084130000214,13.416954136613336,success
matrix_llama_gguf-q4_k_m_512in_64out_c8,2026-06-17T16:26:59.682140+00:00,llama,qwen2.5-7b-instruct-Q4_K_M,gguf-q4_k_m,512,64,8,4751.543899999888,74.24287343749825,4751.543899999888,4751.543899999888,13.46930626064541,success
matrix_llama_gguf-q4_k_m_512in_64out_c8,2026-06-17T16:26:59.682140+00:00,llama,qwen2.5-7b-instruct-Q4_K_M,gguf-q4_k_m,512,64,8,2082.461050999882,32.538453921873156,2082.461050999882,2082.461050999882,30.73286771403036,success
matrix_llama_gguf-q4_k_m_512in_64out_c8,2026-06-17T16:26:59.682140+00:00,llama,qwen2.5-7b-instruct-Q4_K_M,gguf-q4_k_m,512,64,8,5373.500922999483,83.96095192186692,5373.500922999483,5373.500922999483,11.910298503173097,success
matrix_llama_gguf-q4_k_m_512in_64out_c8,2026-06-17T16:26:59.682140+00:00,llama,qwen2.5-7b-instruct-Q4_K_M,gguf-q4_k_m,512,64,8,5362.952491999749,83.79613268749608,5362.952491999749,5362.952491999749,11.93372495756261,success
matrix_llama_gguf-q4_k_m_512in_64out_c8,2026-06-17T16:26:59.682140+00:00,llama,qwen2.5-7b-instruct-Q4_K_M,gguf-q4_k_m,512,64,8,5330.766426999617,83.29322542186901,5330.766426999617,5330.766426999617,12.005778320327183,success
matrix_llama_gguf-q4_k_m_512in_64out_c8,2026-06-17T16:26:59.682140+00:00,llama,qwen2.5-7b-instruct-Q4_K_M,gguf-q4_k_m,512,64,8,5321.604968000429,83.1500776250067,5321.604968000429,5321.604968000429,12.026446980721257,success
matrix_llama_gguf-q4_k_m_512in_64out_c8,2026-06-17T16:26:59.682140+00:00,llama,qwen2.5-7b-instruct-Q4_K_M,gguf-q4_k_m,512,64,8,5378.609790000155,84.04077796875242,5378.609790000155,5378.609790000155,11.898985518337472,success
matrix_llama_gguf-q4_k_m_512in_64out_c8,2026-06-17T16:26:59.682140+00:00,llama,qwen2.5-7b-instruct-Q4_K_M,gguf-q4_k_m,512,64,8,5370.203634000063,83.90943178125099,5370.203634000063,5370.203634000063,11.917611390897816,success
matrix_llama_gguf-q4_k_m_512in_64out_c8,2026-06-17T16:26:59.682140+00:00,llama,qwen2.5-7b-instruct-Q4_K_M,gguf-q4_k_m,512,64,8,5360.2812910003195,83.75439517187999,5360.2812910003195,5360.2812910003195,11.939671917489337,success
matrix_llama_gguf-q4_k_m_512in_64out_c8,2026-06-17T16:26:59.682140+00:00,llama,qwen2.5-7b-instruct-Q4_K_M,gguf-q4_k_m,512,64,8,5336.112850000063,83.37676328125099,5336.112850000063,5336.112850000063,11.993749345087265,success
matrix_llama_gguf-q4_k_m_512in_64out_c8,2026-06-17T16:26:59.682140+00:00,llama,qwen2.5-7b-instruct-Q4_K_M,gguf-q4_k_m,512,64,8,5313.999961999798,83.03124940624684,5313.999961999798,5313.999961999798,12.043658347320559,success
matrix_llama_gguf-q4_k_m_512in_64out_c8,2026-06-17T16:26:59.682140+00:00,llama,qwen2.5-7b-instruct-Q4_K_M,gguf-q4_k_m,512,64,8,5311.544342999696,82.99288035937025,5311.544342999696,5311.544342999696,12.049226339294004,success
matrix_llama_gguf-q4_k_m_512in_64out_c8,2026-06-17T16:26:59.682140+00:00,llama,qwen2.5-7b-instruct-Q4_K_M,gguf-q4_k_m,512,64,8,5301.997313000356,82.84370801563057,5301.997313000356,5301.997313000356,12.070922752652798,success
matrix_llama_gguf-q4_k_m_512in_64out_c8,2026-06-17T16:26:59.682140+00:00,llama,qwen2.5-7b-instruct-Q4_K_M,gguf-q4_k_m,512,64,8,5292.193325000881,82.69052070313876,5292.193325000881,5292.193325000881,12.093284592922416,success
matrix_llama_gguf-q4_k_m_512in_64out_c8,2026-06-17T16:26:59.682140+00:00,llama,qwen2.5-7b-instruct-Q4_K_M,gguf-q4_k_m,512,64,8,5301.879448999898,82.84186639062341,5301.879448999898,5301.879448999898,12.071191096597344,success
matrix_llama_gguf-q4_k_m_512in_64out_c8,2026-06-17T16:26:59.682140+00:00,llama,qwen2.5-7b-instruct-Q4_K_M,gguf-q4_k_m,512,64,8,5300.914227999783,82.82678481249661,5300.914227999783,5300.914227999783,12.07338908861187,success
matrix_llama_gguf-q4_k_m_512in_64out_c8,2026-06-17T16:26:59.682140+00:00,llama,qwen2.5-7b-instruct-Q4_K_M,gguf-q4_k_m,512,64,8,5281.150026000432,82.51796915625675,5281.150026000432,5281.150026000432,12.118572599701178,success
matrix_llama_gguf-q4_k_m_512in_64out_c8,2026-06-17T16:26:59.682140+00:00,llama,qwen2.5-7b-instruct-Q4_K_M,gguf-q4_k_m,512,64,8,5290.81492000023,82.66898312500359,5290.81492000023,5290.81492000023,12.096435231190664,success
matrix_llama_gguf-q4_k_m_512in_64out_c8,2026-06-17T16:26:59.682140+00:00,llama,qwen2.5-7b-instruct-Q4_K_M,gguf-q4_k_m,512,64,8,5324.409827999261,83.19390356248846,5324.409827999261,5324.409827999261,12.020111536765212,success
matrix_llama_gguf-q4_k_m_512in_64out_c8,2026-06-17T16:26:59.682140+00:00,llama,qwen2.5-7b-instruct-Q4_K_M,gguf-q4_k_m,512,64,8,5313.03491899962,83.01617060936906,5313.03491899962,5313.03491899962,12.04584591965197,success
matrix_llama_gguf-q4_k_m_512in_64out_c8,2026-06-17T16:26:59.682140+00:00,llama,qwen2.5-7b-instruct-Q4_K_M,gguf-q4_k_m,512,64,8,5305.375701999765,82.89649534374632,5305.375701999765,5305.375701999765,12.063236157973952,success
matrix_llama_gguf-q4_k_m_512in_64out_c8,2026-06-17T16:26:59.682140+00:00,llama,qwen2.5-7b-instruct-Q4_K_M,gguf-q4_k_m,512,64,8,5295.136468000237,82.7365073125037,5295.136468000237,5295.136468000237,12.08656290291424,success
matrix_llama_gguf-q4_k_m_512in_64out_c8,2026-06-17T16:26:59.682140+00:00,llama,qwen2.5-7b-instruct-Q4_K_M,gguf-q4_k_m,512,64,8,4247.862406000422,66.3728500937566,4247.862406000422,4247.862406000422,15.066401376276978,success
matrix_llama_gguf-q4_k_m_512in_64out_c8,2026-06-17T16:26:59.682140+00:00,llama,qwen2.5-7b-instruct-Q4_K_M,gguf-q4_k_m,512,64,8,4238.328090000323,66.22387640625504,4238.328090000323,4238.328090000323,15.100293946331824,success
matrix_llama_gguf-q4_k_m_512in_64out_c16,2026-06-17T16:27:19.507505+00:00,llama,qwen2.5-7b-instruct-Q4_K_M,gguf-q4_k_m,512,64,16,2251.4998740007286,35.179685531261384,2251.4998740007286,2251.4998740007286,28.42549570579247,success
matrix_llama_gguf-q4_k_m_512in_64out_c16,2026-06-17T16:27:19.507505+00:00,llama,qwen2.5-7b-instruct-Q4_K_M,gguf-q4_k_m,512,64,16,4913.940127999922,76.78031449999878,4913.940127999922,4913.940127999922,13.024171710054873,success
matrix_llama_gguf-q4_k_m_512in_64out_c16,2026-06-17T16:27:19.507505+00:00,llama,qwen2.5-7b-instruct-Q4_K_M,gguf-q4_k_m,512,64,16,2252.4341159996766,35.19428306249495,2252.4341159996766,2252.4341159996766,28.413705664192307,success
matrix_llama_gguf-q4_k_m_512in_64out_c16,2026-06-17T16:27:19.507505+00:00,llama,qwen2.5-7b-instruct-Q4_K_M,gguf-q4_k_m,512,64,16,4874.652900999536,76.16645157811774,4874.652900999536,4874.652900999536,13.129139920275545,success
matrix_llama_gguf-q4_k_m_512in_64out_c16,2026-06-17T16:27:19.507505+00:00,llama,qwen2.5-7b-instruct-Q4_K_M,gguf-q4_k_m,512,64,16,2202.010629000142,34.40641607812722,2202.010629000142,2202.010629000142,29.06434653726454,success
matrix_llama_gguf-q4_k_m_512in_64out_c16,2026-06-17T16:27:19.507505+00:00,llama,qwen2.5-7b-instruct-Q4_K_M,gguf-q4_k_m,512,64,16,4874.727592999989,76.16761864062482,4874.727592999989,4874.727592999989,13.128938751757682,success
matrix_llama_gguf-q4_k_m_512in_64out_c16,2026-06-17T16:27:19.507505+00:00,llama,qwen2.5-7b-instruct-Q4_K_M,gguf-q4_k_m,512,64,16,7543.3089369998925,117.86420214062332,7543.3089369998925,7543.3089369998925,8.484340298735521,success
matrix_llama_gguf-q4_k_m_512in_64out_c16,2026-06-17T16:27:19.507505+00:00,llama,qwen2.5-7b-instruct-Q4_K_M,gguf-q4_k_m,512,64,16,4827.410953999788,75.42829615624669,4827.410953999788,4827.410953999788,13.257624140528645,success
matrix_llama_gguf-q4_k_m_512in_64out_c16,2026-06-17T16:27:19.507505+00:00,llama,qwen2.5-7b-instruct-Q4_K_M,gguf-q4_k_m,512,64,16,2165.7579739994617,33.83996834374159,2165.7579739994617,2165.7579739994617,29.55085506706573,success
matrix_llama_gguf-q4_k_m_512in_64out_c16,2026-06-17T16:27:19.507505+00:00,llama,qwen2.5-7b-instruct-Q4_K_M,gguf-q4_k_m,512,64,16,7507.20403700052,117.30006307813312,7507.20403700052,7507.20403700052,8.525144605710091,success
matrix_llama_gguf-q4_k_m_512in_64out_c16,2026-06-17T16:27:19.507505+00:00,llama,qwen2.5-7b-instruct-Q4_K_M,gguf-q4_k_m,512,64,16,10184.385982999629,159.1310309843692,10184.385982999629,10184.385982999629,6.284129461199972,success
matrix_llama_gguf-q4_k_m_512in_64out_c16,2026-06-17T16:27:19.507505+00:00,llama,qwen2.5-7b-instruct-Q4_K_M,gguf-q4_k_m,512,64,16,7467.323636999936,116.676931828124,7467.323636999936,7467.323636999936,8.570674462652937,success
matrix_llama_gguf-q4_k_m_512in_64out_c16,2026-06-17T16:27:19.507505+00:00,llama,qwen2.5-7b-instruct-Q4_K_M,gguf-q4_k_m,512,64,16,7458.055594999678,116.53211867186997,7458.055594999678,7458.055594999678,8.581325143635212,success
matrix_llama_gguf-q4_k_m_512in_64out_c16,2026-06-17T16:27:19.507505+00:00,llama,qwen2.5-7b-instruct-Q4_K_M,gguf-q4_k_m,512,64,16,10128.207693999684,158.25324521874506,10128.207693999684,10128.207693999684,6.318985740973293,success
matrix_llama_gguf-q4_k_m_512in_64out_c16,2026-06-17T16:27:19.507505+00:00,llama,qwen2.5-7b-instruct-Q4_K_M,gguf-q4_k_m,512,64,16,10147.236501999942,158.5505703437491,10147.236501999942,10147.236501999942,6.307135936704156,success
matrix_llama_gguf-q4_k_m_512in_64out_c16,2026-06-17T16:27:19.507505+00:00,llama,qwen2.5-7b-instruct-Q4_K_M,gguf-q4_k_m,512,64,16,10109.518962000038,157.9612337812506,10109.518962000038,10109.518962000038,6.330667190057718,success
matrix_llama_gguf-q4_k_m_512in_64out_c16,2026-06-17T16:27:19.507505+00:00,llama,qwen2.5-7b-instruct-Q4_K_M,gguf-q4_k_m,512,64,16,10691.697815000225,167.05777835937852,10691.697815000225,10691.697815000225,5.985952942872119,success
matrix_llama_gguf-q4_k_m_512in_64out_c16,2026-06-17T16:27:19.507505+00:00,llama,qwen2.5-7b-instruct-Q4_K_M,gguf-q4_k_m,512,64,16,10681.638762999683,166.90060567187004,10681.638762999683,10681.638762999683,5.991590000374356,success
matrix_llama_gguf-q4_k_m_512in_64out_c16,2026-06-17T16:27:19.507505+00:00,llama,qwen2.5-7b-instruct-Q4_K_M,gguf-q4_k_m,512,64,16,10670.521023999754,166.72689099999616,10670.521023999754,10670.521023999754,5.997832707142743,success
matrix_llama_gguf-q4_k_m_512in_64out_c16,2026-06-17T16:27:19.507505+00:00,llama,qwen2.5-7b-instruct-Q4_K_M,gguf-q4_k_m,512,64,16,10661.13313400001,166.58020521875017,10661.13313400001,10661.13313400001,6.003114227688805,success
matrix_llama_gguf-q4_k_m_512in_64out_c16,2026-06-17T16:27:19.507505+00:00,llama,qwen2.5-7b-instruct-Q4_K_M,gguf-q4_k_m,512,64,16,10672.946751999916,166.7647929999987,10672.946751999916,10672.946751999916,5.9964695305921545,success
matrix_llama_gguf-q4_k_m_512in_64out_c16,2026-06-17T16:27:19.507505+00:00,llama,qwen2.5-7b-instruct-Q4_K_M,gguf-q4_k_m,512,64,16,10664.096041999983,166.62650065624973,10664.096041999983,10664.096041999983,6.001446324933624,success
matrix_llama_gguf-q4_k_m_512in_64out_c16,2026-06-17T16:27:19.507505+00:00,llama,qwen2.5-7b-instruct-Q4_K_M,gguf-q4_k_m,512,64,16,10654.250876000333,166.4726699375052,10654.250876000333,10654.250876000333,6.006992020824835,success
matrix_llama_gguf-q4_k_m_512in_64out_c16,2026-06-17T16:27:19.507505+00:00,llama,qwen2.5-7b-instruct-Q4_K_M,gguf-q4_k_m,512,64,16,10644.212113000322,166.31581426563002,10644.212113000322,10644.212113000322,6.012657331568348,success
matrix_llama_gguf-q4_k_m_512in_64out_c16,2026-06-17T16:27:19.507505+00:00,llama,qwen2.5-7b-instruct-Q4_K_M,gguf-q4_k_m,512,64,16,10616.566900999715,165.88385782812054,10616.566900999715,10616.566900999715,6.028314105379339,success
matrix_llama_gguf-q4_k_m_512in_64out_c16,2026-06-17T16:27:19.507505+00:00,llama,qwen2.5-7b-instruct-Q4_K_M,gguf-q4_k_m,512,64,16,10608.474390000083,165.7574123437513,10608.474390000083,10608.474390000083,6.03291271177773,success
matrix_llama_gguf-q4_k_m_512in_64out_c16,2026-06-17T16:27:19.507505+00:00,llama,qwen2.5-7b-instruct-Q4_K_M,gguf-q4_k_m,512,64,16,10597.899620000135,165.5921815625021,10597.899620000135,10597.899620000135,6.038932457825939,success
matrix_llama_gguf-q4_k_m_512in_64out_c16,2026-06-17T16:27:19.507505+00:00,llama,qwen2.5-7b-instruct-Q4_K_M,gguf-q4_k_m,512,64,16,10588.621079000404,165.44720435938132,10588.621079000404,10588.621079000404,6.044224221690798,success
matrix_llama_gguf-q4_k_m_512in_64out_c16,2026-06-17T16:27:19.507505+00:00,llama,qwen2.5-7b-instruct-Q4_K_M,gguf-q4_k_m,512,64,16,9529.622987000039,148.9003591718756,9529.622987000039,9529.622987000039,6.715900522749583,success
matrix_llama_gguf-q4_k_m_512in_64out_c16,2026-06-17T16:27:19.507505+00:00,llama,qwen2.5-7b-instruct-Q4_K_M,gguf-q4_k_m,512,64,16,9515.528470999925,148.68013235937383,9515.528470999925,9515.528470999925,6.725848195930483,success
matrix_llama_gguf-q4_k_m_512in_256out_c1,2026-06-17T16:28:58.027200+00:00,llama,qwen2.5-7b-instruct-Q4_K_M,gguf-q4_k_m,512,256,1,3377.23248400016,13.192314390625626,3377.23248400016,3377.23248400016,75.80171078325678,success
matrix_llama_gguf-q4_k_m_512in_256out_c1,2026-06-17T16:28:58.027200+00:00,llama,qwen2.5-7b-instruct-Q4_K_M,gguf-q4_k_m,512,256,1,3255.512329999874,12.716845039062008,3255.512329999874,3255.512329999874,78.63585637226258,success
matrix_llama_gguf-q4_k_m_512in_256out_c1,2026-06-17T16:28:58.027200+00:00,llama,qwen2.5-7b-instruct-Q4_K_M,gguf-q4_k_m,512,256,1,3260.1406160001716,12.73492428125067,3260.1406160001716,3260.1406160001716,78.52422031847307,success
matrix_llama_gguf-q4_k_m_512in_256out_c1,2026-06-17T16:28:58.027200+00:00,llama,qwen2.5-7b-instruct-Q4_K_M,gguf-q4_k_m,512,256,1,3260.0449789997583,12.734550699217806,3260.0449789997583,3260.0449789997583,78.52652391273003,success
matrix_llama_gguf-q4_k_m_512in_256out_c1,2026-06-17T16:28:58.027200+00:00,llama,qwen2.5-7b-instruct-Q4_K_M,gguf-q4_k_m,512,256,1,3262.8465240004516,12.745494234376764,3262.8465240004516,3262.8465240004516,78.45909947554878,success
matrix_llama_gguf-q4_k_m_512in_256out_c1,2026-06-17T16:28:58.027200+00:00,llama,qwen2.5-7b-instruct-Q4_K_M,gguf-q4_k_m,512,256,1,3264.657890000308,12.752569882813702,3264.657890000308,3264.657890000308,78.415567151502,success
matrix_llama_gguf-q4_k_m_512in_256out_c1,2026-06-17T16:28:58.027200+00:00,llama,qwen2.5-7b-instruct-Q4_K_M,gguf-q4_k_m,512,256,1,3282.306721000168,12.821510628906907,3282.306721000168,3282.306721000168,77.99392980616783,success
matrix_llama_gguf-q4_k_m_512in_256out_c1,2026-06-17T16:28:58.027200+00:00,llama,qwen2.5-7b-instruct-Q4_K_M,gguf-q4_k_m,512,256,1,3269.158831999448,12.770151687497844,3269.158831999448,3269.158831999448,78.30760545930038,success
matrix_llama_gguf-q4_k_m_512in_256out_c1,2026-06-17T16:28:58.027200+00:00,llama,qwen2.5-7b-instruct-Q4_K_M,gguf-q4_k_m,512,256,1,3263.054206000561,12.746305492189691,3263.054206000561,3263.054206000561,78.454105827979,success
matrix_llama_gguf-q4_k_m_512in_256out_c1,2026-06-17T16:28:58.027200+00:00,llama,qwen2.5-7b-instruct-Q4_K_M,gguf-q4_k_m,512,256,1,3269.3061390000366,12.770727105468893,3269.3061390000366,3269.3061390000366,78.30407710863724,success
matrix_llama_gguf-q4_k_m_512in_256out_c1,2026-06-17T16:28:58.027200+00:00,llama,qwen2.5-7b-instruct-Q4_K_M,gguf-q4_k_m,512,256,1,3263.2294439999896,12.74699001562496,3263.2294439999896,3263.2294439999896,78.44989278050924,success
matrix_llama_gguf-q4_k_m_512in_256out_c1,2026-06-17T16:28:58.027200+00:00,llama,qwen2.5-7b-instruct-Q4_K_M,gguf-q4_k_m,512,256,1,3272.300790999907,12.782424964843386,3272.300790999907,3272.300790999907,78.23241699054654,success
matrix_llama_gguf-q4_k_m_512in_256out_c1,2026-06-17T16:28:58.027200+00:00,llama,qwen2.5-7b-instruct-Q4_K_M,gguf-q4_k_m,512,256,1,3261.301015999379,12.739457093747575,3261.301015999379,3261.301015999379,78.49628070028135,success
matrix_llama_gguf-q4_k_m_512in_256out_c1,2026-06-17T16:28:58.027200+00:00,llama,qwen2.5-7b-instruct-Q4_K_M,gguf-q4_k_m,512,256,1,3270.5189200005407,12.775464531252112,3270.5189200005407,3270.5189200005407,78.27504021898693,success
matrix_llama_gguf-q4_k_m_512in_256out_c1,2026-06-17T16:28:58.027200+00:00,llama,qwen2.5-7b-instruct-Q4_K_M,gguf-q4_k_m,512,256,1,3267.890363999868,12.765196734374484,3267.890363999868,3267.890363999868,78.33800142751984,success
matrix_llama_gguf-q4_k_m_512in_256out_c1,2026-06-17T16:28:58.027200+00:00,llama,qwen2.5-7b-instruct-Q4_K_M,gguf-q4_k_m,512,256,1,3259.5397450004384,12.732577128907963,3259.5397450004384,3259.5397450004384,78.53869565255617,success
matrix_llama_gguf-q4_k_m_512in_256out_c1,2026-06-17T16:28:58.027200+00:00,llama,qwen2.5-7b-instruct-Q4_K_M,gguf-q4_k_m,512,256,1,3271.222465000392,12.77821275390778,3271.222465000392,3271.222465000392,78.25820552989181,success
matrix_llama_gguf-q4_k_m_512in_256out_c1,2026-06-17T16:28:58.027200+00:00,llama,qwen2.5-7b-instruct-Q4_K_M,gguf-q4_k_m,512,256,1,3276.080531999469,12.797189578122925,3276.080531999469,3276.080531999469,78.14215722095122,success
matrix_llama_gguf-q4_k_m_512in_256out_c1,2026-06-17T16:28:58.027200+00:00,llama,qwen2.5-7b-instruct-Q4_K_M,gguf-q4_k_m,512,256,1,3271.206245999565,12.7781493984358,3271.206245999565,3271.206245999565,78.25859354269343,success
matrix_llama_gguf-q4_k_m_512in_256out_c1,2026-06-17T16:28:58.027200+00:00,llama,qwen2.5-7b-instruct-Q4_K_M,gguf-q4_k_m,512,256,1,3275.561017000655,12.795160222658808,3275.561017000655,3275.561017000655,78.15455083001704,success
matrix_llama_gguf-q4_k_m_512in_256out_c1,2026-06-17T16:28:58.027200+00:00,llama,qwen2.5-7b-instruct-Q4_K_M,gguf-q4_k_m,512,256,1,3273.1090510005743,12.785582230470993,3273.1090510005743,3273.1090510005743,78.21309831450375,success
matrix_llama_gguf-q4_k_m_512in_256out_c1,2026-06-17T16:28:58.027200+00:00,llama,qwen2.5-7b-instruct-Q4_K_M,gguf-q4_k_m,512,256,1,3273.575941000672,12.787406019533876,3273.575941000672,3273.575941000672,78.20194326139429,success
matrix_llama_gguf-q4_k_m_512in_256out_c1,2026-06-17T16:28:58.027200+00:00,llama,qwen2.5-7b-instruct-Q4_K_M,gguf-q4_k_m,512,256,1,3278.5602089998065,12.806875816405494,3278.5602089998065,3278.5602089998065,78.08305587839064,success
matrix_llama_gguf-q4_k_m_512in_256out_c1,2026-06-17T16:28:58.027200+00:00,llama,qwen2.5-7b-instruct-Q4_K_M,gguf-q4_k_m,512,256,1,3265.8216379995793,12.757115773435856,3265.8216379995793,3265.8216379995793,78.3876244254442,success
matrix_llama_gguf-q4_k_m_512in_256out_c1,2026-06-17T16:28:58.027200+00:00,llama,qwen2.5-7b-instruct-Q4_K_M,gguf-q4_k_m,512,256,1,3277.343617999577,12.802123507810848,3277.343617999577,3277.343617999577,78.11204128673488,success
matrix_llama_gguf-q4_k_m_512in_256out_c1,2026-06-17T16:28:58.027200+00:00,llama,qwen2.5-7b-instruct-Q4_K_M,gguf-q4_k_m,512,256,1,3268.2473290005873,12.766591128908544,3268.2473290005873,3268.2473290005873,78.32944518256011,success
matrix_llama_gguf-q4_k_m_512in_256out_c1,2026-06-17T16:28:58.027200+00:00,llama,qwen2.5-7b-instruct-Q4_K_M,gguf-q4_k_m,512,256,1,3274.760702999629,12.7920339960923,3274.760702999629,3274.760702999629,78.17365090692216,success
matrix_llama_gguf-q4_k_m_512in_256out_c1,2026-06-17T16:28:58.027200+00:00,llama,qwen2.5-7b-instruct-Q4_K_M,gguf-q4_k_m,512,256,1,3272.542298999724,12.783368355467672,3272.542298999724,3272.542298999724,78.22664357256687,success
matrix_llama_gguf-q4_k_m_512in_256out_c1,2026-06-17T16:28:58.027200+00:00,llama,qwen2.5-7b-instruct-Q4_K_M,gguf-q4_k_m,512,256,1,3284.8130879992823,12.831301124997196,3284.8130879992823,3284.8130879992823,77.93441914100652,success
matrix_llama_gguf-q4_k_m_512in_256out_c1,2026-06-17T16:28:58.027200+00:00,llama,qwen2.5-7b-instruct-Q4_K_M,gguf-q4_k_m,512,256,1,3277.4512249998224,12.802543847655556,3277.4512249998224,3277.4512249998224,78.10947667116353,success
matrix_llama_gguf-q4_k_m_512in_256out_c4,2026-06-17T16:30:08.382327+00:00,llama,qwen2.5-7b-instruct-Q4_K_M,gguf-q4_k_m,512,256,4,5698.73069499954,22.260666777341953,5698.73069499954,5698.73069499954,44.92228422456111,success
matrix_llama_gguf-q4_k_m_512in_256out_c4,2026-06-17T16:30:08.382327+00:00,llama,qwen2.5-7b-instruct-Q4_K_M,gguf-q4_k_m,512,256,4,5701.778221000495,22.272571175783185,5701.778221000495,5701.778221000495,44.89827385027254,success
matrix_llama_gguf-q4_k_m_512in_256out_c4,2026-06-17T16:30:08.382327+00:00,llama,qwen2.5-7b-instruct-Q4_K_M,gguf-q4_k_m,512,256,4,5702.753328000654,22.276380187502554,5702.753328000654,5702.753328000654,44.89059674789613,success
matrix_llama_gguf-q4_k_m_512in_256out_c4,2026-06-17T16:30:08.382327+00:00,llama,qwen2.5-7b-instruct-Q4_K_M,gguf-q4_k_m,512,256,4,5681.582667999464,22.193682296872908,5681.582667999464,5681.582667999464,45.057867668084086,success
matrix_llama_gguf-q4_k_m_512in_256out_c4,2026-06-17T16:30:08.382327+00:00,llama,qwen2.5-7b-instruct-Q4_K_M,gguf-q4_k_m,512,256,4,9570.781983000415,37.38586712109537,9570.781983000415,9570.781983000415,26.748075596613337,success
matrix_llama_gguf-q4_k_m_512in_256out_c4,2026-06-17T16:30:08.382327+00:00,llama,qwen2.5-7b-instruct-Q4_K_M,gguf-q4_k_m,512,256,4,9569.604108000021,37.38126604687508,9569.604108000021,9569.604108000021,26.75136788427731,success
matrix_llama_gguf-q4_k_m_512in_256out_c4,2026-06-17T16:30:08.382327+00:00,llama,qwen2.5-7b-instruct-Q4_K_M,gguf-q4_k_m,512,256,4,9558.56644999949,37.338150195310504,9558.56644999949,9558.56644999949,26.78225875596792,success
matrix_llama_gguf-q4_k_m_512in_256out_c4,2026-06-17T16:30:08.382327+00:00,llama,qwen2.5-7b-instruct-Q4_K_M,gguf-q4_k_m,512,256,4,9548.975777000123,37.30068662890673,9548.975777000123,9548.975777000123,26.80915796399938,success
matrix_llama_gguf-q4_k_m_512in_256out_c4,2026-06-17T16:30:08.382327+00:00,llama,qwen2.5-7b-instruct-Q4_K_M,gguf-q4_k_m,512,256,4,9706.971016000352,37.91785553125138,9706.971016000352,9706.971016000352,26.372799463192578,success
matrix_llama_gguf-q4_k_m_512in_256out_c4,2026-06-17T16:30:08.382327+00:00,llama,qwen2.5-7b-instruct-Q4_K_M,gguf-q4_k_m,512,256,4,9708.386447000521,37.923384558595785,9708.386447000521,9708.386447000521,26.368954449592714,success
matrix_llama_gguf-q4_k_m_512in_256out_c4,2026-06-17T16:30:08.382327+00:00,llama,qwen2.5-7b-instruct-Q4_K_M,gguf-q4_k_m,512,256,4,9687.855243999365,37.84318454687252,9687.855243999365,9687.855243999365,26.424837443619506,success
matrix_llama_gguf-q4_k_m_512in_256out_c4,2026-06-17T16:30:08.382327+00:00,llama,qwen2.5-7b-instruct-Q4_K_M,gguf-q4_k_m,512,256,4,9690.312391000589,37.85278277734605,9690.312391000589,9690.312391000589,26.418136967157807,success
matrix_llama_gguf-q4_k_m_512in_256out_c4,2026-06-17T16:30:08.382327+00:00,llama,qwen2.5-7b-instruct-Q4_K_M,gguf-q4_k_m,512,256,4,9594.489252999665,37.47847364452994,9594.489252999665,9594.489252999665,26.681983089403428,success
matrix_llama_gguf-q4_k_m_512in_256out_c4,2026-06-17T16:30:08.382327+00:00,llama,qwen2.5-7b-instruct-Q4_K_M,gguf-q4_k_m,512,256,4,9583.718501000476,37.43640039453311,9583.718501000476,9583.718501000476,26.711969886560766,success
matrix_llama_gguf-q4_k_m_512in_256out_c4,2026-06-17T16:30:08.382327+00:00,llama,qwen2.5-7b-instruct-Q4_K_M,gguf-q4_k_m,512,256,4,9563.973505999456,37.35927150781038,9563.973505999456,9563.973505999456,26.767117227940023,success
matrix_llama_gguf-q4_k_m_512in_256out_c4,2026-06-17T16:30:08.382327+00:00,llama,qwen2.5-7b-instruct-Q4_K_M,gguf-q4_k_m,512,256,4,9565.142243000082,37.36383688671907,9565.142243000082,9565.142243000082,26.76384663148577,success
matrix_llama_gguf-q4_k_m_512in_256out_c4,2026-06-17T16:30:08.382327+00:00,llama,qwen2.5-7b-instruct-Q4_K_M,gguf-q4_k_m,512,256,4,9583.812312999726,37.43676684765518,9583.812312999726,9583.812312999726,26.711708414067658,success
matrix_llama_gguf-q4_k_m_512in_256out_c4,2026-06-17T16:30:08.382327+00:00,llama,qwen2.5-7b-instruct-Q4_K_M,gguf-q4_k_m,512,256,4,9588.849689999734,37.45644410156146,9588.849689999734,9588.849689999734,26.697675766779813,success
matrix_llama_gguf-q4_k_m_512in_256out_c4,2026-06-17T16:30:08.382327+00:00,llama,qwen2.5-7b-instruct-Q4_K_M,gguf-q4_k_m,512,256,4,9578.89838400024,37.41757181250094,9578.89838400024,9578.89838400024,26.72541139256683,success
matrix_llama_gguf-q4_k_m_512in_256out_c4,2026-06-17T16:30:08.382327+00:00,llama,qwen2.5-7b-instruct-Q4_K_M,gguf-q4_k_m,512,256,4,9570.23644200035,37.38373610156387,9570.23644200035,9570.23644200035,26.749600341795883,success
matrix_llama_gguf-q4_k_m_512in_256out_c4,2026-06-17T16:30:08.382327+00:00,llama,qwen2.5-7b-instruct-Q4_K_M,gguf-q4_k_m,512,256,4,9474.407066999447,37.00940260546659,9474.407066999447,9474.407066999447,27.020160542993793,success
matrix_llama_gguf-q4_k_m_512in_256out_c4,2026-06-17T16:30:08.382327+00:00,llama,qwen2.5-7b-instruct-Q4_K_M,gguf-q4_k_m,512,256,4,9458.118078000552,36.94577374218966,9458.118078000552,9458.118078000552,27.066695286396598,success
matrix_llama_gguf-q4_k_m_512in_256out_c4,2026-06-17T16:30:08.382327+00:00,llama,qwen2.5-7b-instruct-Q4_K_M,gguf-q4_k_m,512,256,4,9457.724601000336,36.944236722657564,9457.724601000336,9457.724601000336,27.067821362965365,success
matrix_llama_gguf-q4_k_m_512in_256out_c4,2026-06-17T16:30:08.382327+00:00,llama,qwen2.5-7b-instruct-Q4_K_M,gguf-q4_k_m,512,256,4,9448.296696999932,36.907408972655986,9448.296696999932,9448.296696999932,27.09483076259516,success
matrix_llama_gguf-q4_k_m_512in_256out_c4,2026-06-17T16:30:08.382327+00:00,llama,qwen2.5-7b-instruct-Q4_K_M,gguf-q4_k_m,512,256,4,9922.83395800041,38.7610701484391,9922.83395800041,9922.83395800041,25.79908129910778,success
matrix_llama_gguf-q4_k_m_512in_256out_c4,2026-06-17T16:30:08.382327+00:00,llama,qwen2.5-7b-instruct-Q4_K_M,gguf-q4_k_m,512,256,4,9911.02685200076,38.714948640627966,9911.02685200076,9911.02685200076,25.829816004213605,success
matrix_llama_gguf-q4_k_m_512in_256out_c4,2026-06-17T16:30:08.382327+00:00,llama,qwen2.5-7b-instruct-Q4_K_M,gguf-q4_k_m,512,256,4,9889.391199000784,38.63043437109681,9889.391199000784,9889.391199000784,25.886325543059318,success
matrix_llama_gguf-q4_k_m_512in_256out_c4,2026-06-17T16:30:08.382327+00:00,llama,qwen2.5-7b-instruct-Q4_K_M,gguf-q4_k_m,512,256,4,9891.053201999966,38.63692657031237,9891.053201999966,9891.053201999966,25.881975839361264,success
matrix_llama_gguf-q4_k_m_512in_256out_c4,2026-06-17T16:30:08.382327+00:00,llama,qwen2.5-7b-instruct-Q4_K_M,gguf-q4_k_m,512,256,4,6725.874994000151,26.27294919531309,6725.874994000151,6725.874994000151,38.061962232180356,success
matrix_llama_gguf-q4_k_m_512in_256out_c4,2026-06-17T16:30:08.382327+00:00,llama,qwen2.5-7b-instruct-Q4_K_M,gguf-q4_k_m,512,256,4,6715.549718000148,26.232616085938076,6715.549718000148,6715.549718000148,38.12048316965411,success
matrix_llama_gguf-q4_k_m_512in_256out_c8,2026-06-17T16:31:23.396221+00:00,llama,qwen2.5-7b-instruct-Q4_K_M,gguf-q4_k_m,512,256,8,7350.002932999814,28.710948957030524,7350.002932999814,7350.002932999814,34.829918073994115,success
matrix_llama_gguf-q4_k_m_512in_256out_c8,2026-06-17T16:31:23.396221+00:00,llama,qwen2.5-7b-instruct-Q4_K_M,gguf-q4_k_m,512,256,8,7327.680752999186,28.62375294140307,7327.680752999186,7327.680752999186,34.93601981707792,success
matrix_llama_gguf-q4_k_m_512in_256out_c8,2026-06-17T16:31:23.396221+00:00,llama,qwen2.5-7b-instruct-Q4_K_M,gguf-q4_k_m,512,256,8,7338.844533999691,28.66736146093629,7338.844533999691,7338.844533999691,34.88287547365161,success
matrix_llama_gguf-q4_k_m_512in_256out_c8,2026-06-17T16:31:23.396221+00:00,llama,qwen2.5-7b-instruct-Q4_K_M,gguf-q4_k_m,512,256,8,17484.06520000026,68.29712968750101,17484.06520000026,17484.06520000026,14.641903760459336,success
matrix_llama_gguf-q4_k_m_512in_256out_c8,2026-06-17T16:31:23.396221+00:00,llama,qwen2.5-7b-instruct-Q4_K_M,gguf-q4_k_m,512,256,8,7306.294760000128,28.5402139062505,7306.294760000128,7306.294760000128,35.03827978601777,success
matrix_llama_gguf-q4_k_m_512in_256out_c8,2026-06-17T16:31:23.396221+00:00,llama,qwen2.5-7b-instruct-Q4_K_M,gguf-q4_k_m,512,256,8,17472.93097900001,68.2536366367188,17472.93097900001,17472.93097900001,14.651233974865221,success
matrix_llama_gguf-q4_k_m_512in_256out_c8,2026-06-17T16:31:23.396221+00:00,llama,qwen2.5-7b-instruct-Q4_K_M,gguf-q4_k_m,512,256,8,17462.683130000187,68.21360597656323,17462.683130000187,17462.683130000187,14.659831945309842,success
matrix_llama_gguf-q4_k_m_512in_256out_c8,2026-06-17T16:31:23.396221+00:00,llama,qwen2.5-7b-instruct-Q4_K_M,gguf-q4_k_m,512,256,8,17447.930235000058,68.15597748046898,17447.930235000058,17447.930235000058,14.672227396145313,success
matrix_llama_gguf-q4_k_m_512in_256out_c8,2026-06-17T16:31:23.396221+00:00,llama,qwen2.5-7b-instruct-Q4_K_M,gguf-q4_k_m,512,256,8,20435.482834999675,79.82610482421748,20435.482834999675,20435.482834999675,12.5272303114635,success
matrix_llama_gguf-q4_k_m_512in_256out_c8,2026-06-17T16:31:23.396221+00:00,llama,qwen2.5-7b-instruct-Q4_K_M,gguf-q4_k_m,512,256,8,20436.92490199919,79.83173789843434,20436.92490199919,20436.92490199919,12.526346367058258,success
matrix_llama_gguf-q4_k_m_512in_256out_c8,2026-06-17T16:31:23.396221+00:00,llama,qwen2.5-7b-instruct-Q4_K_M,gguf-q4_k_m,512,256,8,20426.09554000046,79.7894357031268,20426.09554000046,20426.09554000046,12.532987496248351,success
matrix_llama_gguf-q4_k_m_512in_256out_c8,2026-06-17T16:31:23.396221+00:00,llama,qwen2.5-7b-instruct-Q4_K_M,gguf-q4_k_m,512,256,8,20403.40813199964,79.7008130156236,20403.40813199964,20403.40813199964,12.546923452386514,success
matrix_llama_gguf-q4_k_m_512in_256out_c8,2026-06-17T16:31:23.396221+00:00,llama,qwen2.5-7b-instruct-Q4_K_M,gguf-q4_k_m,512,256,8,20358.493294000255,79.5253644296885,20358.493294000255,20358.493294000255,12.574604431824255,success
matrix_llama_gguf-q4_k_m_512in_256out_c8,2026-06-17T16:31:23.396221+00:00,llama,qwen2.5-7b-instruct-Q4_K_M,gguf-q4_k_m,512,256,8,20336.925659999906,79.44111585937463,20336.925659999906,20336.925659999906,12.587940000366858,success
matrix_llama_gguf-q4_k_m_512in_256out_c8,2026-06-17T16:31:23.396221+00:00,llama,qwen2.5-7b-instruct-Q4_K_M,gguf-q4_k_m,512,256,8,20338.021069000206,79.44539480078205,20338.021069000206,20338.021069000206,12.587262011946803,success
matrix_llama_gguf-q4_k_m_512in_256out_c8,2026-06-17T16:31:23.396221+00:00,llama,qwen2.5-7b-instruct-Q4_K_M,gguf-q4_k_m,512,256,8,20339.301127,79.45039502734375,20339.301127,20339.301127,12.586469830085033,success
matrix_llama_gguf-q4_k_m_512in_256out_c8,2026-06-17T16:31:23.396221+00:00,llama,qwen2.5-7b-instruct-Q4_K_M,gguf-q4_k_m,512,256,8,20106.795128999693,78.54216847265505,20106.795128999693,20106.795128999693,12.732014145346092,success
matrix_llama_gguf-q4_k_m_512in_256out_c8,2026-06-17T16:31:23.396221+00:00,llama,qwen2.5-7b-instruct-Q4_K_M,gguf-q4_k_m,512,256,8,20107.839328999944,78.54624737890603,20107.839328999944,20107.839328999944,12.731352971912376,success
matrix_llama_gguf-q4_k_m_512in_256out_c8,2026-06-17T16:31:23.396221+00:00,llama,qwen2.5-7b-instruct-Q4_K_M,gguf-q4_k_m,512,256,8,20097.476300999915,78.50576680078092,20097.476300999915,20097.476300999915,12.737917744789835,success
matrix_llama_gguf-q4_k_m_512in_256out_c8,2026-06-17T16:31:23.396221+00:00,llama,qwen2.5-7b-instruct-Q4_K_M,gguf-q4_k_m,512,256,8,20088.84009800022,78.47203163281335,20088.84009800022,20088.84009800022,12.743393782375918,success
matrix_llama_gguf-q4_k_m_512in_256out_c8,2026-06-17T16:31:23.396221+00:00,llama,qwen2.5-7b-instruct-Q4_K_M,gguf-q4_k_m,512,256,8,20228.086299000097,79.01596210546913,20228.086299000097,20228.086299000097,12.655670744921354,success
matrix_llama_gguf-q4_k_m_512in_256out_c8,2026-06-17T16:31:23.396221+00:00,llama,qwen2.5-7b-instruct-Q4_K_M,gguf-q4_k_m,512,256,8,20206.525689000046,78.93174097265643,20206.525689000046,20206.525689000046,12.66917450036254,success
matrix_llama_gguf-q4_k_m_512in_256out_c8,2026-06-17T16:31:23.396221+00:00,llama,qwen2.5-7b-instruct-Q4_K_M,gguf-q4_k_m,512,256,8,20186.15532700005,78.85216924609395,20186.15532700005,20186.15532700005,12.681959286104693,success
matrix_llama_gguf-q4_k_m_512in_256out_c8,2026-06-17T16:31:23.396221+00:00,llama,qwen2.5-7b-instruct-Q4_K_M,gguf-q4_k_m,512,256,8,20175.900543999887,78.81211149999956,20175.900543999887,20175.900543999887,12.688405131741783,success
matrix_llama_gguf-q4_k_m_512in_256out_c8,2026-06-17T16:31:23.396221+00:00,llama,qwen2.5-7b-instruct-Q4_K_M,gguf-q4_k_m,512,256,8,20262.3608949998,79.14984724609297,20262.3608949998,20262.3608949998,12.63426317034822,success
matrix_llama_gguf-q4_k_m_512in_256out_c8,2026-06-17T16:31:23.396221+00:00,llama,qwen2.5-7b-instruct-Q4_K_M,gguf-q4_k_m,512,256,8,20249.19985500037,79.0984369335952,20249.19985500037,20249.19985500037,12.642474854964847,success
matrix_llama_gguf-q4_k_m_512in_256out_c8,2026-06-17T16:31:23.396221+00:00,llama,qwen2.5-7b-instruct-Q4_K_M,gguf-q4_k_m,512,256,8,20239.02381700009,79.0586867851566,20239.02381700009,20239.02381700009,12.648831401886525,success
matrix_llama_gguf-q4_k_m_512in_256out_c8,2026-06-17T16:31:23.396221+00:00,llama,qwen2.5-7b-instruct-Q4_K_M,gguf-q4_k_m,512,256,8,20221.803000000364,78.99141796875142,20221.803000000364,20221.803000000364,12.659603102650905,success
matrix_llama_gguf-q4_k_m_512in_256out_c8,2026-06-17T16:31:23.396221+00:00,llama,qwen2.5-7b-instruct-Q4_K_M,gguf-q4_k_m,512,256,8,16892.98453900028,65.98822085546985,16892.98453900028,16892.98453900028,15.154219753707888,success
matrix_llama_gguf-q4_k_m_512in_256out_c8,2026-06-17T16:31:23.396221+00:00,llama,qwen2.5-7b-instruct-Q4_K_M,gguf-q4_k_m,512,256,8,16881.343134999952,65.94274662109356,16881.343134999952,16881.343134999952,15.164670130378267,success
matrix_llama_gguf-q4_k_m_512in_256out_c16,2026-06-17T16:32:38.656857+00:00,llama,qwen2.5-7b-instruct-Q4_K_M,gguf-q4_k_m,512,256,16,7487.138757000139,29.246635769531792,7487.138757000139,7487.138757000139,34.19196682586542,success
matrix_llama_gguf-q4_k_m_512in_256out_c16,2026-06-17T16:32:38.656857+00:00,llama,qwen2.5-7b-instruct-Q4_K_M,gguf-q4_k_m,512,256,16,7487.863411000035,29.249466449218886,7487.863411000035,7487.863411000035,34.18865782513121,success
matrix_llama_gguf-q4_k_m_512in_256out_c16,2026-06-17T16:32:38.656857+00:00,llama,qwen2.5-7b-instruct-Q4_K_M,gguf-q4_k_m,512,256,16,7477.197449000414,29.207802535157867,7477.197449000414,7477.197449000414,34.237426755959646,success
matrix_llama_gguf-q4_k_m_512in_256out_c16,2026-06-17T16:32:38.656857+00:00,llama,qwen2.5-7b-instruct-Q4_K_M,gguf-q4_k_m,512,256,16,7439.667517000089,29.061201238281598,7439.667517000089,7439.667517000089,34.410139890663736,success
matrix_llama_gguf-q4_k_m_512in_256out_c16,2026-06-17T16:32:38.656857+00:00,llama,qwen2.5-7b-instruct-Q4_K_M,gguf-q4_k_m,512,256,16,17607.410934000654,68.77894896094006,17607.410934000654,17607.410934000654,14.53933238450482,success
matrix_llama_gguf-q4_k_m_512in_256out_c16,2026-06-17T16:32:38.656857+00:00,llama,qwen2.5-7b-instruct-Q4_K_M,gguf-q4_k_m,512,256,16,27711.934887999632,108.24974565624856,27711.934887999632,27711.934887999632,9.2378969940081,success
matrix_llama_gguf-q4_k_m_512in_256out_c16,2026-06-17T16:32:38.656857+00:00,llama,qwen2.5-7b-instruct-Q4_K_M,gguf-q4_k_m,512,256,16,17615.31951699999,68.8098418632812,17615.31951699999,17615.31951699999,14.532804798286087,success
matrix_llama_gguf-q4_k_m_512in_256out_c16,2026-06-17T16:32:38.656857+00:00,llama,qwen2.5-7b-instruct-Q4_K_M,gguf-q4_k_m,512,256,16,17602.88402200058,68.76126571093977,17602.88402200058,17602.88402200058,14.543071446704074,success
matrix_llama_gguf-q4_k_m_512in_256out_c16,2026-06-17T16:32:38.656857+00:00,llama,qwen2.5-7b-instruct-Q4_K_M,gguf-q4_k_m,512,256,16,37839.07748199999,147.80889641406247,37839.07748199999,37839.07748199999,6.7654926344802915,success
matrix_llama_gguf-q4_k_m_512in_256out_c16,2026-06-17T16:32:38.656857+00:00,llama,qwen2.5-7b-instruct-Q4_K_M,gguf-q4_k_m,512,256,16,37820.65806099945,147.7369455507791,37820.65806099945,37820.65806099945,6.768787565438647,success
matrix_llama_gguf-q4_k_m_512in_256out_c16,2026-06-17T16:32:38.656857+00:00,llama,qwen2.5-7b-instruct-Q4_K_M,gguf-q4_k_m,512,256,16,27650.163179999254,108.00844992187209,27650.163179999254,27650.163179999254,9.258534871330438,success
matrix_llama_gguf-q4_k_m_512in_256out_c16,2026-06-17T16:32:38.656857+00:00,llama,qwen2.5-7b-instruct-Q4_K_M,gguf-q4_k_m,512,256,16,37787.45905799951,147.6072619453106,37787.45905799951,37787.45905799951,6.774734432581686,success
matrix_llama_gguf-q4_k_m_512in_256out_c16,2026-06-17T16:32:38.656857+00:00,llama,qwen2.5-7b-instruct-Q4_K_M,gguf-q4_k_m,512,256,16,17513.057350000054,68.41038027343771,17513.057350000054,17513.057350000054,14.617664687770763,success
matrix_llama_gguf-q4_k_m_512in_256out_c16,2026-06-17T16:32:38.656857+00:00,llama,qwen2.5-7b-instruct-Q4_K_M,gguf-q4_k_m,512,256,16,27596.58990400021,107.79917931250083,27596.58990400021,27596.58990400021,9.276508470450256,success
matrix_llama_gguf-q4_k_m_512in_256out_c16,2026-06-17T16:32:38.656857+00:00,llama,qwen2.5-7b-instruct-Q4_K_M,gguf-q4_k_m,512,256,16,37743.88988800001,147.43706987500005,37743.88988800001,37743.88988800001,6.782554759449703,success
matrix_llama_gguf-q4_k_m_512in_256out_c16,2026-06-17T16:32:38.656857+00:00,llama,qwen2.5-7b-instruct-Q4_K_M,gguf-q4_k_m,512,256,16,27575.939649999782,107.71851425781165,27575.939649999782,27575.939649999782,9.2834551877184,success
matrix_llama_gguf-q4_k_m_512in_256out_c16,2026-06-17T16:32:38.656857+00:00,llama,qwen2.5-7b-instruct-Q4_K_M,gguf-q4_k_m,512,256,16,40665.09637499985,158.84803271484316,40665.09637499985,40665.09637499985,6.295325053191909,success
matrix_llama_gguf-q4_k_m_512in_256out_c16,2026-06-17T16:32:38.656857+00:00,llama,qwen2.5-7b-instruct-Q4_K_M,gguf-q4_k_m,512,256,16,40653.646976000346,158.80330850000135,40653.646976000346,40653.646976000346,6.297098022992333,success
matrix_llama_gguf-q4_k_m_512in_256out_c16,2026-06-17T16:32:38.656857+00:00,llama,qwen2.5-7b-instruct-Q4_K_M,gguf-q4_k_m,512,256,16,40642.34005900016,158.75914085546938,40642.34005900016,40642.34005900016,6.298849909438453,success
matrix_llama_gguf-q4_k_m_512in_256out_c16,2026-06-17T16:32:38.656857+00:00,llama,qwen2.5-7b-instruct-Q4_K_M,gguf-q4_k_m,512,256,16,40628.86722099938,158.70651258202884,40628.86722099938,40628.86722099938,6.300938655451466,success
matrix_llama_gguf-q4_k_m_512in_256out_c16,2026-06-17T16:32:38.656857+00:00,llama,qwen2.5-7b-instruct-Q4_K_M,gguf-q4_k_m,512,256,16,40692.037474000244,158.95327138281345,40692.037474000244,40692.037474000244,6.29115708849842,success
matrix_llama_gguf-q4_k_m_512in_256out_c16,2026-06-17T16:32:38.656857+00:00,llama,qwen2.5-7b-instruct-Q4_K_M,gguf-q4_k_m,512,256,16,40680.11159799971,158.90668592968638,40680.11159799971,40680.11159799971,6.293001418722455,success
matrix_llama_gguf-q4_k_m_512in_256out_c16,2026-06-17T16:32:38.656857+00:00,llama,qwen2.5-7b-instruct-Q4_K_M,gguf-q4_k_m,512,256,16,40666.62059100054,158.85398668359585,40666.62059100054,40666.62059100054,6.29508909960058,success
matrix_llama_gguf-q4_k_m_512in_256out_c16,2026-06-17T16:32:38.656857+00:00,llama,qwen2.5-7b-instruct-Q4_K_M,gguf-q4_k_m,512,256,16,40655.4685050005,158.8104238476582,40655.4685050005,40655.4685050005,6.2968158875973295,success
matrix_llama_gguf-q4_k_m_512in_256out_c16,2026-06-17T16:32:38.656857+00:00,llama,qwen2.5-7b-instruct-Q4_K_M,gguf-q4_k_m,512,256,16,40717.7182660007,159.05358697656524,40717.7182660007,40717.7182660007,6.287189236086444,success
matrix_llama_gguf-q4_k_m_512in_256out_c16,2026-06-17T16:32:38.656857+00:00,llama,qwen2.5-7b-instruct-Q4_K_M,gguf-q4_k_m,512,256,16,40708.79111100021,159.01871527734457,40708.79111100021,40708.79111100021,6.288567972995504,success
matrix_llama_gguf-q4_k_m_512in_256out_c16,2026-06-17T16:32:38.656857+00:00,llama,qwen2.5-7b-instruct-Q4_K_M,gguf-q4_k_m,512,256,16,40699.062618000426,158.98071335156416,40699.062618000426,40699.062618000426,6.2900711596924115,success
matrix_llama_gguf-q4_k_m_512in_256out_c16,2026-06-17T16:32:38.656857+00:00,llama,qwen2.5-7b-instruct-Q4_K_M,gguf-q4_k_m,512,256,16,40689.3173819999,158.9426460234371,40689.3173819999,40689.3173819999,6.2915776540711645,success
matrix_llama_gguf-q4_k_m_512in_256out_c16,2026-06-17T16:32:38.656857+00:00,llama,qwen2.5-7b-instruct-Q4_K_M,gguf-q4_k_m,512,256,16,37326.719515999685,145.80749810937377,37326.719515999685,37326.719515999685,6.858357855162398,success
matrix_llama_gguf-q4_k_m_512in_256out_c16,2026-06-17T16:32:38.656857+00:00,llama,qwen2.5-7b-instruct-Q4_K_M,gguf-q4_k_m,512,256,16,37314.23864200042,145.75874469531414,37314.23864200042,37314.23864200042,6.860651840068626,success
matrix_llama_gguf-q4_k_m_1024in_64out_c1,2026-06-17T16:33:04.596109+00:00,llama,qwen2.5-7b-instruct-Q4_K_M,gguf-q4_k_m,1024,64,1,1959.739749999244,30.620933593738187,1959.739749999244,1959.739749999244,32.657397493735935,success
matrix_llama_gguf-q4_k_m_1024in_64out_c1,2026-06-17T16:33:04.596109+00:00,llama,qwen2.5-7b-instruct-Q4_K_M,gguf-q4_k_m,1024,64,1,811.8772219995662,12.685581593743223,811.8772219995662,811.8772219995662,78.82965338327251,success
matrix_llama_gguf-q4_k_m_1024in_64out_c1,2026-06-17T16:33:04.596109+00:00,llama,qwen2.5-7b-instruct-Q4_K_M,gguf-q4_k_m,1024,64,1,813.7051200001224,12.714142500001913,813.7051200001224,813.7051200001224,78.65257133934512,success
matrix_llama_gguf-q4_k_m_1024in_64out_c1,2026-06-17T16:33:04.596109+00:00,llama,qwen2.5-7b-instruct-Q4_K_M,gguf-q4_k_m,1024,64,1,815.2585570005613,12.73841495313377,815.2585570005613,815.2585570005613,78.50270254808983,success
matrix_llama_gguf-q4_k_m_1024in_64out_c1,2026-06-17T16:33:04.596109+00:00,llama,qwen2.5-7b-instruct-Q4_K_M,gguf-q4_k_m,1024,64,1,815.4919070002506,12.742061046878916,815.4919070002506,815.4919070002506,78.48023928946279,success
matrix_llama_gguf-q4_k_m_1024in_64out_c1,2026-06-17T16:33:04.596109+00:00,llama,qwen2.5-7b-instruct-Q4_K_M,gguf-q4_k_m,1024,64,1,814.1570349998801,12.721203671873127,814.1570349998801,814.1570349998801,78.60891357403726,success
matrix_llama_gguf-q4_k_m_1024in_64out_c1,2026-06-17T16:33:04.596109+00:00,llama,qwen2.5-7b-instruct-Q4_K_M,gguf-q4_k_m,1024,64,1,811.62184599998,12.681591343749687,811.62184599998,811.62184599998,78.85445705462391,success
matrix_llama_gguf-q4_k_m_1024in_64out_c1,2026-06-17T16:33:04.596109+00:00,llama,qwen2.5-7b-instruct-Q4_K_M,gguf-q4_k_m,1024,64,1,835.5958819993248,13.05618565623945,835.5958819993248,835.5958819993248,76.59204811645029,success
matrix_llama_gguf-q4_k_m_1024in_64out_c1,2026-06-17T16:33:04.596109+00:00,llama,qwen2.5-7b-instruct-Q4_K_M,gguf-q4_k_m,1024,64,1,811.4198929997656,12.678435828121337,811.4198929997656,811.4198929997656,78.87408301440114,success
matrix_llama_gguf-q4_k_m_1024in_64out_c1,2026-06-17T16:33:04.596109+00:00,llama,qwen2.5-7b-instruct-Q4_K_M,gguf-q4_k_m,1024,64,1,814.7015770000507,12.729712140625793,814.7015770000507,814.7015770000507,78.55637181367088,success
matrix_llama_gguf-q4_k_m_1024in_64out_c1,2026-06-17T16:33:04.596109+00:00,llama,qwen2.5-7b-instruct-Q4_K_M,gguf-q4_k_m,1024,64,1,815.6583529998898,12.744661765623277,815.6583529998898,815.6583529998898,78.46422434664707,success
matrix_llama_gguf-q4_k_m_1024in_64out_c1,2026-06-17T16:33:04.596109+00:00,llama,qwen2.5-7b-instruct-Q4_K_M,gguf-q4_k_m,1024,64,1,814.8727730003884,12.732387078131069,814.8727730003884,814.8727730003884,78.5398679653388,success
matrix_llama_gguf-q4_k_m_1024in_64out_c1,2026-06-17T16:33:04.596109+00:00,llama,qwen2.5-7b-instruct-Q4_K_M,gguf-q4_k_m,1024,64,1,818.0476159996033,12.781993999993801,818.0476159996033,818.0476159996033,78.23505471841756,success
matrix_llama_gguf-q4_k_m_1024in_64out_c1,2026-06-17T16:33:04.596109+00:00,llama,qwen2.5-7b-instruct-Q4_K_M,gguf-q4_k_m,1024,64,1,816.9992569992246,12.765613390612884,816.9992569992246,816.9992569992246,78.33544455727791,success
matrix_llama_gguf-q4_k_m_1024in_64out_c1,2026-06-17T16:33:04.596109+00:00,llama,qwen2.5-7b-instruct-Q4_K_M,gguf-q4_k_m,1024,64,1,815.8909339999809,12.748295843749702,815.8909339999809,815.8909339999809,78.44185703379993,success
matrix_llama_gguf-q4_k_m_1024in_64out_c1,2026-06-17T16:33:04.596109+00:00,llama,qwen2.5-7b-instruct-Q4_K_M,gguf-q4_k_m,1024,64,1,813.8465439997162,12.716352249995566,813.8465439997162,813.8465439997162,78.63890369978928,success
matrix_llama_gguf-q4_k_m_1024in_64out_c1,2026-06-17T16:33:04.596109+00:00,llama,qwen2.5-7b-instruct-Q4_K_M,gguf-q4_k_m,1024,64,1,814.1045740003392,12.7203839687553,814.1045740003392,814.1045740003392,78.61397914216035,success
matrix_llama_gguf-q4_k_m_1024in_64out_c1,2026-06-17T16:33:04.596109+00:00,llama,qwen2.5-7b-instruct-Q4_K_M,gguf-q4_k_m,1024,64,1,815.2361399997972,12.73806468749683,815.2361399997972,815.2361399997972,78.50486118048683,success
matrix_llama_gguf-q4_k_m_1024in_64out_c1,2026-06-17T16:33:04.596109+00:00,llama,qwen2.5-7b-instruct-Q4_K_M,gguf-q4_k_m,1024,64,1,820.7959869996557,12.82493729686962,820.7959869996557,820.7959869996557,77.97309077246602,success
matrix_llama_gguf-q4_k_m_1024in_64out_c1,2026-06-17T16:33:04.596109+00:00,llama,qwen2.5-7b-instruct-Q4_K_M,gguf-q4_k_m,1024,64,1,811.5547870002047,12.680543546878198,811.5547870002047,811.5547870002047,78.8609728205372,success
matrix_llama_gguf-q4_k_m_1024in_64out_c1,2026-06-17T16:33:04.596109+00:00,llama,qwen2.5-7b-instruct-Q4_K_M,gguf-q4_k_m,1024,64,1,815.8796120005718,12.748118937508934,815.8796120005718,815.8796120005718,78.44294557510666,success
matrix_llama_gguf-q4_k_m_1024in_64out_c1,2026-06-17T16:33:04.596109+00:00,llama,qwen2.5-7b-instruct-Q4_K_M,gguf-q4_k_m,1024,64,1,816.8522360001589,12.763316187502483,816.8522360001589,816.8522360001589,78.34954374782119,success
matrix_llama_gguf-q4_k_m_1024in_64out_c1,2026-06-17T16:33:04.596109+00:00,llama,qwen2.5-7b-instruct-Q4_K_M,gguf-q4_k_m,1024,64,1,815.7485720003024,12.746071437504725,815.7485720003024,815.7485720003024,78.45554647195421,success
matrix_llama_gguf-q4_k_m_1024in_64out_c1,2026-06-17T16:33:04.596109+00:00,llama,qwen2.5-7b-instruct-Q4_K_M,gguf-q4_k_m,1024,64,1,815.7313389992851,12.74580217186383,815.7313389992851,815.7313389992851,78.45720391043612,success
matrix_llama_gguf-q4_k_m_1024in_64out_c1,2026-06-17T16:33:04.596109+00:00,llama,qwen2.5-7b-instruct-Q4_K_M,gguf-q4_k_m,1024,64,1,815.7833349996508,12.746614609369544,815.7833349996508,815.7833349996508,78.4522032434352,success
matrix_llama_gguf-q4_k_m_1024in_64out_c1,2026-06-17T16:33:04.596109+00:00,llama,qwen2.5-7b-instruct-Q4_K_M,gguf-q4_k_m,1024,64,1,814.7119209997982,12.729873765621846,814.7119209997982,814.7119209997982,78.55537442174712,success
matrix_llama_gguf-q4_k_m_1024in_64out_c1,2026-06-17T16:33:04.596109+00:00,llama,qwen2.5-7b-instruct-Q4_K_M,gguf-q4_k_m,1024,64,1,814.8196450001706,12.731556953127665,814.8196450001706,814.8196450001706,78.54498893431393,success
matrix_llama_gguf-q4_k_m_1024in_64out_c1,2026-06-17T16:33:04.596109+00:00,llama,qwen2.5-7b-instruct-Q4_K_M,gguf-q4_k_m,1024,64,1,818.6079010001777,12.790748453127776,818.6079010001777,818.6079010001777,78.1815078034363,success
matrix_llama_gguf-q4_k_m_1024in_64out_c1,2026-06-17T16:33:04.596109+00:00,llama,qwen2.5-7b-instruct-Q4_K_M,gguf-q4_k_m,1024,64,1,818.5650799996438,12.790079374994434,818.5650799996438,818.5650799996438,78.18559765587344,success
matrix_llama_gguf-q4_k_m_1024in_64out_c1,2026-06-17T16:33:04.596109+00:00,llama,qwen2.5-7b-instruct-Q4_K_M,gguf-q4_k_m,1024,64,1,819.6645860007266,12.807259156261352,819.6645860007266,819.6645860007266,78.08071873919324,success
matrix_llama_gguf-q4_k_m_1024in_64out_c4,2026-06-17T16:33:31.632701+00:00,llama,qwen2.5-7b-instruct-Q4_K_M,gguf-q4_k_m,1024,64,4,1633.6248200004775,25.52538781250746,1633.6248200004775,1633.6248200004775,39.17668195074393,success
matrix_llama_gguf-q4_k_m_1024in_64out_c4,2026-06-17T16:33:31.632701+00:00,llama,qwen2.5-7b-instruct-Q4_K_M,gguf-q4_k_m,1024,64,4,1593.1186929992691,24.89247957811358,1593.1186929992691,1593.1186929992691,40.17277575188766,success
matrix_llama_gguf-q4_k_m_1024in_64out_c4,2026-06-17T16:33:31.632701+00:00,llama,qwen2.5-7b-instruct-Q4_K_M,gguf-q4_k_m,1024,64,4,1596.5347430001202,24.94585535937688,1596.5347430001202,1596.5347430001202,40.086819457329646,success
matrix_llama_gguf-q4_k_m_1024in_64out_c4,2026-06-17T16:33:31.632701+00:00,llama,qwen2.5-7b-instruct-Q4_K_M,gguf-q4_k_m,1024,64,4,1586.9218899997577,24.795654531246214,1586.9218899997577,1586.9218899997577,40.3296472266885,success
matrix_llama_gguf-q4_k_m_1024in_64out_c4,2026-06-17T16:33:31.632701+00:00,llama,qwen2.5-7b-instruct-Q4_K_M,gguf-q4_k_m,1024,64,4,3260.1100319998295,50.939219249997336,3260.1100319998295,3260.1100319998295,19.63123924401437,success
matrix_llama_gguf-q4_k_m_1024in_64out_c4,2026-06-17T16:33:31.632701+00:00,llama,qwen2.5-7b-instruct-Q4_K_M,gguf-q4_k_m,1024,64,4,3260.070827999698,50.93860668749528,3260.070827999698,3260.070827999698,19.631475319592635,success
matrix_llama_gguf-q4_k_m_1024in_64out_c4,2026-06-17T16:33:31.632701+00:00,llama,qwen2.5-7b-instruct-Q4_K_M,gguf-q4_k_m,1024,64,4,3251.221532999807,50.800336453121986,3251.221532999807,3251.221532999807,19.684908995096706,success
matrix_llama_gguf-q4_k_m_1024in_64out_c4,2026-06-17T16:33:31.632701+00:00,llama,qwen2.5-7b-instruct-Q4_K_M,gguf-q4_k_m,1024,64,4,3231.1213339999085,50.48627084374857,3231.1213339999085,3231.1213339999085,19.807365117042,success
matrix_llama_gguf-q4_k_m_1024in_64out_c4,2026-06-17T16:33:31.632701+00:00,llama,qwen2.5-7b-instruct-Q4_K_M,gguf-q4_k_m,1024,64,4,4089.2497710001408,63.8945276718772,4089.2497710001408,4089.2497710001408,15.650792586422767,success
matrix_llama_gguf-q4_k_m_1024in_64out_c4,2026-06-17T16:33:31.632701+00:00,llama,qwen2.5-7b-instruct-Q4_K_M,gguf-q4_k_m,1024,64,4,4080.063033999977,63.75098490624964,4080.063033999977,4080.063033999977,15.686032168296242,success
matrix_llama_gguf-q4_k_m_1024in_64out_c4,2026-06-17T16:33:31.632701+00:00,llama,qwen2.5-7b-instruct-Q4_K_M,gguf-q4_k_m,1024,64,4,4080.193161999887,63.75301815624823,4080.193161999887,4080.193161999887,15.68553189982572,success
matrix_llama_gguf-q4_k_m_1024in_64out_c4,2026-06-17T16:33:31.632701+00:00,llama,qwen2.5-7b-instruct-Q4_K_M,gguf-q4_k_m,1024,64,4,4069.211859999996,63.581435312499934,4069.211859999996,4069.211859999996,15.727861365271865,success
matrix_llama_gguf-q4_k_m_1024in_64out_c4,2026-06-17T16:33:31.632701+00:00,llama,qwen2.5-7b-instruct-Q4_K_M,gguf-q4_k_m,1024,64,4,4003.3690449999995,62.55264132812499,4003.3690449999995,4003.3690449999995,15.986535160912203,success
matrix_llama_gguf-q4_k_m_1024in_64out_c4,2026-06-17T16:33:31.632701+00:00,llama,qwen2.5-7b-instruct-Q4_K_M,gguf-q4_k_m,1024,64,4,3992.47205499978,62.382375859371564,3992.47205499978,3992.47205499978,16.03016855680998,success
matrix_llama_gguf-q4_k_m_1024in_64out_c4,2026-06-17T16:33:31.632701+00:00,llama,qwen2.5-7b-instruct-Q4_K_M,gguf-q4_k_m,1024,64,4,4005.3315679997468,62.58330574999604,4005.3315679997468,4005.3315679997468,15.978702115780505,success
matrix_llama_gguf-q4_k_m_1024in_64out_c4,2026-06-17T16:33:31.632701+00:00,llama,qwen2.5-7b-instruct-Q4_K_M,gguf-q4_k_m,1024,64,4,3973.8741459996163,62.091783531244005,3973.8741459996163,3973.8741459996163,16.10519046367559,success
matrix_llama_gguf-q4_k_m_1024in_64out_c4,2026-06-17T16:33:31.632701+00:00,llama,qwen2.5-7b-instruct-Q4_K_M,gguf-q4_k_m,1024,64,4,3973.4143589994346,62.084599359366166,3973.4143589994346,3973.4143589994346,16.107054089399366,success
matrix_llama_gguf-q4_k_m_1024in_64out_c4,2026-06-17T16:33:31.632701+00:00,llama,qwen2.5-7b-instruct-Q4_K_M,gguf-q4_k_m,1024,64,4,3962.950782000007,61.92110596875011,3962.950782000007,3962.950782000007,16.149582349266705,success
matrix_llama_gguf-q4_k_m_1024in_64out_c4,2026-06-17T16:33:31.632701+00:00,llama,qwen2.5-7b-instruct-Q4_K_M,gguf-q4_k_m,1024,64,4,3942.836174999684,61.60681523437006,3942.836174999684,3942.836174999684,16.231970378532182,success
matrix_llama_gguf-q4_k_m_1024in_64out_c4,2026-06-17T16:33:31.632701+00:00,llama,qwen2.5-7b-instruct-Q4_K_M,gguf-q4_k_m,1024,64,4,3943.8710379999975,61.62298496874996,3943.8710379999975,3943.8710379999975,16.227711145559024,success
matrix_llama_gguf-q4_k_m_1024in_64out_c4,2026-06-17T16:33:31.632701+00:00,llama,qwen2.5-7b-instruct-Q4_K_M,gguf-q4_k_m,1024,64,4,3981.290417999844,62.20766278124756,3981.290417999844,3981.290417999844,16.07519002146869,success
matrix_llama_gguf-q4_k_m_1024in_64out_c4,2026-06-17T16:33:31.632701+00:00,llama,qwen2.5-7b-instruct-Q4_K_M,gguf-q4_k_m,1024,64,4,3960.381324000082,61.88095818750128,3960.381324000082,3960.381324000082,16.16006004577318,success
matrix_llama_gguf-q4_k_m_1024in_64out_c4,2026-06-17T16:33:31.632701+00:00,llama,qwen2.5-7b-instruct-Q4_K_M,gguf-q4_k_m,1024,64,4,3961.1742679999224,61.89334793749879,3961.1742679999224,3961.1742679999224,16.15682514072144,success
matrix_llama_gguf-q4_k_m_1024in_64out_c4,2026-06-17T16:33:31.632701+00:00,llama,qwen2.5-7b-instruct-Q4_K_M,gguf-q4_k_m,1024,64,4,3961.4174600001206,61.897147812501885,3961.4174600001206,3961.4174600001206,16.155833270850998,success
matrix_llama_gguf-q4_k_m_1024in_64out_c4,2026-06-17T16:33:31.632701+00:00,llama,qwen2.5-7b-instruct-Q4_K_M,gguf-q4_k_m,1024,64,4,3989.346315000148,62.33353617187731,3989.346315000148,3989.346315000148,16.042728544111775,success
matrix_llama_gguf-q4_k_m_1024in_64out_c4,2026-06-17T16:33:31.632701+00:00,llama,qwen2.5-7b-instruct-Q4_K_M,gguf-q4_k_m,1024,64,4,3989.144240999849,62.33037876562264,3989.144240999849,3989.144240999849,16.04354120420546,success
matrix_llama_gguf-q4_k_m_1024in_64out_c4,2026-06-17T16:33:31.632701+00:00,llama,qwen2.5-7b-instruct-Q4_K_M,gguf-q4_k_m,1024,64,4,3969.430105000356,62.02234539063056,3969.430105000356,3969.430105000356,16.12322129551498,success
matrix_llama_gguf-q4_k_m_1024in_64out_c4,2026-06-17T16:33:31.632701+00:00,llama,qwen2.5-7b-instruct-Q4_K_M,gguf-q4_k_m,1024,64,4,3970.5951039995853,62.04054849999352,3970.5951039995853,3970.5951039995853,16.11849063520295,success
matrix_llama_gguf-q4_k_m_1024in_64out_c4,2026-06-17T16:33:31.632701+00:00,llama,qwen2.5-7b-instruct-Q4_K_M,gguf-q4_k_m,1024,64,4,2065.786297000159,32.27791089062748,2065.786297000159,2065.786297000159,30.980939360929007,success
matrix_llama_gguf-q4_k_m_1024in_64out_c4,2026-06-17T16:33:31.632701+00:00,llama,qwen2.5-7b-instruct-Q4_K_M,gguf-q4_k_m,1024,64,4,2056.0937589998503,32.12646498437266,2056.0937589998503,2056.0937589998503,31.12698519698423,success
matrix_llama_gguf-q4_k_m_1024in_64out_c8,2026-06-17T16:34:00.082512+00:00,llama,qwen2.5-7b-instruct-Q4_K_M,gguf-q4_k_m,1024,64,8,2247.969839999314,35.12452874998928,2247.969839999314,2247.969839999314,28.470132855527783,success
matrix_llama_gguf-q4_k_m_1024in_64out_c8,2026-06-17T16:34:00.082512+00:00,llama,qwen2.5-7b-instruct-Q4_K_M,gguf-q4_k_m,1024,64,8,6270.478759000071,97.9762306093761,6270.478759000071,6270.478759000071,10.206557180046303,success
matrix_llama_gguf-q4_k_m_1024in_64out_c8,2026-06-17T16:34:00.082512+00:00,llama,qwen2.5-7b-instruct-Q4_K_M,gguf-q4_k_m,1024,64,8,2229.227617000106,34.831681515626656,2229.227617000106,2229.227617000106,28.70949539290449,success
matrix_llama_gguf-q4_k_m_1024in_64out_c8,2026-06-17T16:34:00.082512+00:00,llama,qwen2.5-7b-instruct-Q4_K_M,gguf-q4_k_m,1024,64,8,2220.3704650000873,34.693288515626364,2220.3704650000873,2220.3704650000873,28.82401878823293,success
matrix_llama_gguf-q4_k_m_1024in_64out_c8,2026-06-17T16:34:00.082512+00:00,llama,qwen2.5-7b-instruct-Q4_K_M,gguf-q4_k_m,1024,64,8,2199.0049850001014,34.359452890626585,2199.0049850001014,2199.0049850001014,29.10407226748376,success
matrix_llama_gguf-q4_k_m_1024in_64out_c8,2026-06-17T16:34:00.082512+00:00,llama,qwen2.5-7b-instruct-Q4_K_M,gguf-q4_k_m,1024,64,8,6223.7971149997975,97.24682992187184,6223.7971149997975,6223.7971149997975,10.283111550303497,success
matrix_llama_gguf-q4_k_m_1024in_64out_c8,2026-06-17T16:34:00.082512+00:00,llama,qwen2.5-7b-instruct-Q4_K_M,gguf-q4_k_m,1024,64,8,6234.413866000068,97.41271665625106,6234.413866000068,6234.413866000068,10.265600163157231,success
matrix_llama_gguf-q4_k_m_1024in_64out_c8,2026-06-17T16:34:00.082512+00:00,llama,qwen2.5-7b-instruct-Q4_K_M,gguf-q4_k_m,1024,64,8,6208.368629000688,97.00575982813575,6208.368629000688,6208.368629000688,10.308666225301376,success
matrix_llama_gguf-q4_k_m_1024in_64out_c8,2026-06-17T16:34:00.082512+00:00,llama,qwen2.5-7b-instruct-Q4_K_M,gguf-q4_k_m,1024,64,8,8072.404671000186,126.1313229843779,8072.404671000186,8072.404671000186,7.928244755855418,success
matrix_llama_gguf-q4_k_m_1024in_64out_c8,2026-06-17T16:34:00.082512+00:00,llama,qwen2.5-7b-instruct-Q4_K_M,gguf-q4_k_m,1024,64,8,8071.298050999758,126.11403204687122,8071.298050999758,8071.298050999758,7.929331762450848,success
matrix_llama_gguf-q4_k_m_1024in_64out_c8,2026-06-17T16:34:00.082512+00:00,llama,qwen2.5-7b-instruct-Q4_K_M,gguf-q4_k_m,1024,64,8,8036.84964400054,125.57577568750844,8036.84964400054,8036.84964400054,7.963319314773496,success
matrix_llama_gguf-q4_k_m_1024in_64out_c8,2026-06-17T16:34:00.082512+00:00,llama,qwen2.5-7b-instruct-Q4_K_M,gguf-q4_k_m,1024,64,8,8038.374997000574,125.59960932813397,8038.374997000574,8038.374997000574,7.96180820425532,success
matrix_llama_gguf-q4_k_m_1024in_64out_c8,2026-06-17T16:34:00.082512+00:00,llama,qwen2.5-7b-instruct-Q4_K_M,gguf-q4_k_m,1024,64,8,8052.740168999662,125.82406514061972,8052.740168999662,8052.740168999662,7.9476052445325935,success
matrix_llama_gguf-q4_k_m_1024in_64out_c8,2026-06-17T16:34:00.082512+00:00,llama,qwen2.5-7b-instruct-Q4_K_M,gguf-q4_k_m,1024,64,8,8023.157462000199,125.36183534375311,8023.157462000199,8023.157462000199,7.976909378024919,success
matrix_llama_gguf-q4_k_m_1024in_64out_c8,2026-06-17T16:34:00.082512+00:00,llama,qwen2.5-7b-instruct-Q4_K_M,gguf-q4_k_m,1024,64,8,8032.862734000446,125.51348021875697,8032.862734000446,8032.862734000446,7.9672717086412055,success
matrix_llama_gguf-q4_k_m_1024in_64out_c8,2026-06-17T16:34:00.082512+00:00,llama,qwen2.5-7b-instruct-Q4_K_M,gguf-q4_k_m,1024,64,8,8004.198460000225,125.06560093750352,8004.198460000225,8004.198460000225,7.995803742227326,success
matrix_llama_gguf-q4_k_m_1024in_64out_c8,2026-06-17T16:34:00.082512+00:00,llama,qwen2.5-7b-instruct-Q4_K_M,gguf-q4_k_m,1024,64,8,8024.053311999523,125.37583299999255,8024.053311999523,8024.053311999523,7.976018791436938,success
matrix_llama_gguf-q4_k_m_1024in_64out_c8,2026-06-17T16:34:00.082512+00:00,llama,qwen2.5-7b-instruct-Q4_K_M,gguf-q4_k_m,1024,64,8,8001.93149900042,125.03017967188157,8001.93149900042,8001.93149900042,7.998068967223064,success
matrix_llama_gguf-q4_k_m_1024in_64out_c8,2026-06-17T16:34:00.082512+00:00,llama,qwen2.5-7b-instruct-Q4_K_M,gguf-q4_k_m,1024,64,8,8008.270932999949,125.1292333281242,8008.270932999949,8008.270932999949,7.991737609210132,success
matrix_llama_gguf-q4_k_m_1024in_64out_c8,2026-06-17T16:34:00.082512+00:00,llama,qwen2.5-7b-instruct-Q4_K_M,gguf-q4_k_m,1024,64,8,7975.962696999886,124.62441714062322,7975.962696999886,7975.962696999886,8.024109744654805,success
matrix_llama_gguf-q4_k_m_1024in_64out_c8,2026-06-17T16:34:00.082512+00:00,llama,qwen2.5-7b-instruct-Q4_K_M,gguf-q4_k_m,1024,64,8,8029.4395519995305,125.45999299999266,8029.4395519995305,8029.4395519995305,7.97066838669486,success
matrix_llama_gguf-q4_k_m_1024in_64out_c8,2026-06-17T16:34:00.082512+00:00,llama,qwen2.5-7b-instruct-Q4_K_M,gguf-q4_k_m,1024,64,8,8042.734621999443,125.6677284687413,8042.734621999443,8042.734621999443,7.957492446031925,success
matrix_llama_gguf-q4_k_m_1024in_64out_c8,2026-06-17T16:34:00.082512+00:00,llama,qwen2.5-7b-instruct-Q4_K_M,gguf-q4_k_m,1024,64,8,8032.4323490003735,125.50675545313084,8032.4323490003735,8032.4323490003735,7.967698602275153,success
matrix_llama_gguf-q4_k_m_1024in_64out_c8,2026-06-17T16:34:00.082512+00:00,llama,qwen2.5-7b-instruct-Q4_K_M,gguf-q4_k_m,1024,64,8,8001.9742519998545,125.03084768749773,8001.9742519998545,8001.9742519998545,7.998026235088811,success
matrix_llama_gguf-q4_k_m_1024in_64out_c8,2026-06-17T16:34:00.082512+00:00,llama,qwen2.5-7b-instruct-Q4_K_M,gguf-q4_k_m,1024,64,8,7996.711832999608,124.94862239061888,7996.711832999608,7996.711832999608,8.003289519061395,success
matrix_llama_gguf-q4_k_m_1024in_64out_c8,2026-06-17T16:34:00.082512+00:00,llama,qwen2.5-7b-instruct-Q4_K_M,gguf-q4_k_m,1024,64,8,7987.337931000184,124.80215517187787,7987.337931000184,7987.337931000184,8.012682141769085,success
matrix_llama_gguf-q4_k_m_1024in_64out_c8,2026-06-17T16:34:00.082512+00:00,llama,qwen2.5-7b-instruct-Q4_K_M,gguf-q4_k_m,1024,64,8,7977.579839999635,124.64968499999429,7977.579839999635,7977.579839999635,8.022483169532645,success
matrix_llama_gguf-q4_k_m_1024in_64out_c8,2026-06-17T16:34:00.082512+00:00,llama,qwen2.5-7b-instruct-Q4_K_M,gguf-q4_k_m,1024,64,8,7963.751037000293,124.43360995312958,7963.751037000293,7963.751037000293,8.036413959031407,success
matrix_llama_gguf-q4_k_m_1024in_64out_c8,2026-06-17T16:34:00.082512+00:00,llama,qwen2.5-7b-instruct-Q4_K_M,gguf-q4_k_m,1024,64,8,6067.371551999713,94.80268049999552,6067.371551999713,6067.371551999713,10.54822495235298,success
matrix_llama_gguf-q4_k_m_1024in_64out_c8,2026-06-17T16:34:00.082512+00:00,llama,qwen2.5-7b-instruct-Q4_K_M,gguf-q4_k_m,1024,64,8,6056.70203200043,94.63596925000672,6056.70203200043,6056.70203200043,10.566806764119754,success
matrix_llama_gguf-q4_k_m_1024in_64out_c16,2026-06-17T16:34:28.577698+00:00,llama,qwen2.5-7b-instruct-Q4_K_M,gguf-q4_k_m,1024,64,16,10471.464530000048,163.61663328125076,10471.464530000048,10471.464530000048,6.1118480434751286,success
matrix_llama_gguf-q4_k_m_1024in_64out_c16,2026-06-17T16:34:28.577698+00:00,llama,qwen2.5-7b-instruct-Q4_K_M,gguf-q4_k_m,1024,64,16,6407.7547690003485,100.12116826563044,6407.7547690003485,6407.7547690003485,9.98789783741746,success
matrix_llama_gguf-q4_k_m_1024in_64out_c16,2026-06-17T16:34:28.577698+00:00,llama,qwen2.5-7b-instruct-Q4_K_M,gguf-q4_k_m,1024,64,16,2385.5727700001808,37.274574531252824,2385.5727700001808,2385.5727700001808,26.827938684090174,success
matrix_llama_gguf-q4_k_m_1024in_64out_c16,2026-06-17T16:34:28.577698+00:00,llama,qwen2.5-7b-instruct-Q4_K_M,gguf-q4_k_m,1024,64,16,10445.385027999691,163.20914106249518,10445.385027999691,10445.385027999691,6.127107792431095,success
matrix_llama_gguf-q4_k_m_1024in_64out_c16,2026-06-17T16:34:28.577698+00:00,llama,qwen2.5-7b-instruct-Q4_K_M,gguf-q4_k_m,1024,64,16,2347.2819410008015,36.67628032813752,2347.2819410008015,2347.2819410008015,27.265578489779788,success
matrix_llama_gguf-q4_k_m_1024in_64out_c16,2026-06-17T16:34:28.577698+00:00,llama,qwen2.5-7b-instruct-Q4_K_M,gguf-q4_k_m,1024,64,16,2358.9609499995277,36.85876484374262,2358.9609499995277,2358.9609499995277,27.13058899936975,success
matrix_llama_gguf-q4_k_m_1024in_64out_c16,2026-06-17T16:34:28.577698+00:00,llama,qwen2.5-7b-instruct-Q4_K_M,gguf-q4_k_m,1024,64,16,2339.9858559996574,36.562278999994646,2339.9858559996574,2339.9858559996574,27.35059266956927,success
matrix_llama_gguf-q4_k_m_1024in_64out_c16,2026-06-17T16:34:28.577698+00:00,llama,qwen2.5-7b-instruct-Q4_K_M,gguf-q4_k_m,1024,64,16,6373.293701999501,99.5827140937422,6373.293701999501,6373.293701999501,10.041903447807718,success
matrix_llama_gguf-q4_k_m_1024in_64out_c16,2026-06-17T16:34:28.577698+00:00,llama,qwen2.5-7b-instruct-Q4_K_M,gguf-q4_k_m,1024,64,16,14388.932820000264,224.82707531250412,14388.932820000264,14388.932820000264,4.447862867984314,success
matrix_llama_gguf-q4_k_m_1024in_64out_c16,2026-06-17T16:34:28.577698+00:00,llama,qwen2.5-7b-instruct-Q4_K_M,gguf-q4_k_m,1024,64,16,10366.891734000092,161.98268334375143,10366.891734000092,10366.891734000092,6.17349940967363,success
matrix_llama_gguf-q4_k_m_1024in_64out_c16,2026-06-17T16:34:28.577698+00:00,llama,qwen2.5-7b-instruct-Q4_K_M,gguf-q4_k_m,1024,64,16,6333.324143000027,98.95818973437542,6333.324143000027,6333.324143000027,10.105277821716527,success
matrix_llama_gguf-q4_k_m_1024in_64out_c16,2026-06-17T16:34:28.577698+00:00,llama,qwen2.5-7b-instruct-Q4_K_M,gguf-q4_k_m,1024,64,16,6313.625804999901,98.65040320312346,6313.625804999901,6313.625804999901,10.13680600920583,success
matrix_llama_gguf-q4_k_m_1024in_64out_c16,2026-06-17T16:34:28.577698+00:00,llama,qwen2.5-7b-instruct-Q4_K_M,gguf-q4_k_m,1024,64,16,10350.43252899959,161.7255082656186,10350.43252899959,10350.43252899959,6.183316476938172,success
matrix_llama_gguf-q4_k_m_1024in_64out_c16,2026-06-17T16:34:28.577698+00:00,llama,qwen2.5-7b-instruct-Q4_K_M,gguf-q4_k_m,1024,64,16,14358.74402599984,224.3553754062475,14358.74402599984,14358.74402599984,4.457214355525326,success
matrix_llama_gguf-q4_k_m_1024in_64out_c16,2026-06-17T16:34:28.577698+00:00,llama,qwen2.5-7b-instruct-Q4_K_M,gguf-q4_k_m,1024,64,16,14337.41038700009,224.02203729687642,14337.41038700009,14337.41038700009,4.463846557536611,success
matrix_llama_gguf-q4_k_m_1024in_64out_c16,2026-06-17T16:34:28.577698+00:00,llama,qwen2.5-7b-instruct-Q4_K_M,gguf-q4_k_m,1024,64,16,14328.350394999688,223.88047492187013,14328.350394999688,14328.350394999688,4.466669102560106,success
matrix_llama_gguf-q4_k_m_1024in_64out_c16,2026-06-17T16:34:28.577698+00:00,llama,qwen2.5-7b-instruct-Q4_K_M,gguf-q4_k_m,1024,64,16,16057.299644000523,250.89530693750817,16057.299644000523,16057.299644000523,3.985726206704517,success
matrix_llama_gguf-q4_k_m_1024in_64out_c16,2026-06-17T16:34:28.577698+00:00,llama,qwen2.5-7b-instruct-Q4_K_M,gguf-q4_k_m,1024,64,16,16047.045794000041,250.73509053125065,16047.045794000041,16047.045794000041,3.9882730330295106,success
matrix_llama_gguf-q4_k_m_1024in_64out_c16,2026-06-17T16:34:28.577698+00:00,llama,qwen2.5-7b-instruct-Q4_K_M,gguf-q4_k_m,1024,64,16,16015.556329999526,250.2430676562426,16015.556329999526,16015.556329999526,3.996114695067973,success
matrix_llama_gguf-q4_k_m_1024in_64out_c16,2026-06-17T16:34:28.577698+00:00,llama,qwen2.5-7b-instruct-Q4_K_M,gguf-q4_k_m,1024,64,16,15982.40794999947,249.7251242187417,15982.40794999947,15982.40794999947,4.0044028534512615,success
matrix_llama_gguf-q4_k_m_1024in_64out_c16,2026-06-17T16:34:28.577698+00:00,llama,qwen2.5-7b-instruct-Q4_K_M,gguf-q4_k_m,1024,64,16,16040.876969999772,250.63870265624644,16040.876969999772,16040.876969999772,3.989806799197769,success
matrix_llama_gguf-q4_k_m_1024in_64out_c16,2026-06-17T16:34:28.577698+00:00,llama,qwen2.5-7b-instruct-Q4_K_M,gguf-q4_k_m,1024,64,16,16030.010206000043,250.46890946875067,16030.010206000043,16030.010206000043,3.992511494225048,success
matrix_llama_gguf-q4_k_m_1024in_64out_c16,2026-06-17T16:34:28.577698+00:00,llama,qwen2.5-7b-instruct-Q4_K_M,gguf-q4_k_m,1024,64,16,16020.01474699955,250.31273042186797,16020.01474699955,16020.01474699955,3.995002564650373,success
matrix_llama_gguf-q4_k_m_1024in_64out_c16,2026-06-17T16:34:28.577698+00:00,llama,qwen2.5-7b-instruct-Q4_K_M,gguf-q4_k_m,1024,64,16,16010.791181999593,250.16861221874365,16010.791181999593,16010.791181999593,3.997304022798892,success
matrix_llama_gguf-q4_k_m_1024in_64out_c16,2026-06-17T16:34:28.577698+00:00,llama,qwen2.5-7b-instruct-Q4_K_M,gguf-q4_k_m,1024,64,16,15911.395797000296,248.61555932812962,15911.395797000296,15911.395797000296,4.022274401097208,success
matrix_llama_gguf-q4_k_m_1024in_64out_c16,2026-06-17T16:34:28.577698+00:00,llama,qwen2.5-7b-instruct-Q4_K_M,gguf-q4_k_m,1024,64,16,15899.058211999545,248.4227845624929,15899.058211999545,15899.058211999545,4.025395664737996,success
matrix_llama_gguf-q4_k_m_1024in_64out_c16,2026-06-17T16:34:28.577698+00:00,llama,qwen2.5-7b-instruct-Q4_K_M,gguf-q4_k_m,1024,64,16,15888.964464999844,248.26506976562257,15888.964464999844,15888.964464999844,4.027952868859326,success
matrix_llama_gguf-q4_k_m_1024in_64out_c16,2026-06-17T16:34:28.577698+00:00,llama,qwen2.5-7b-instruct-Q4_K_M,gguf-q4_k_m,1024,64,16,15879.27016499998,248.1135963281247,15879.27016499998,15879.27016499998,4.030411935497168,success
matrix_llama_gguf-q4_k_m_1024in_64out_c16,2026-06-17T16:34:28.577698+00:00,llama,qwen2.5-7b-instruct-Q4_K_M,gguf-q4_k_m,1024,64,16,13998.632572999668,218.7286339531198,13998.632572999668,13998.632572999668,4.571875121820266,success
matrix_llama_gguf-q4_k_m_1024in_64out_c16,2026-06-17T16:34:28.577698+00:00,llama,qwen2.5-7b-instruct-Q4_K_M,gguf-q4_k_m,1024,64,16,13986.505709000085,218.53915170312632,13986.505709000085,13986.505709000085,4.575839121762704,success
matrix_llama_gguf-q4_k_m_1024in_256out_c1,2026-06-17T16:36:06.585428+00:00,llama,qwen2.5-7b-instruct-Q4_K_M,gguf-q4_k_m,1024,256,1,3392.9471929996,13.253699972654687,3392.9471929996,3392.9471929996,75.45062903666305,success
matrix_llama_gguf-q4_k_m_1024in_256out_c1,2026-06-17T16:36:06.585428+00:00,llama,qwen2.5-7b-instruct-Q4_K_M,gguf-q4_k_m,1024,256,1,3241.5603650006233,12.662345175783685,3241.5603650006233,3241.5603650006233,78.97431211340431,success
matrix_llama_gguf-q4_k_m_1024in_256out_c1,2026-06-17T16:36:06.585428+00:00,llama,qwen2.5-7b-instruct-Q4_K_M,gguf-q4_k_m,1024,256,1,3243.372306999845,12.669423074218145,3243.372306999845,3243.372306999845,78.93019233330102,success
matrix_llama_gguf-q4_k_m_1024in_256out_c1,2026-06-17T16:36:06.585428+00:00,llama,qwen2.5-7b-instruct-Q4_K_M,gguf-q4_k_m,1024,256,1,3241.305342000487,12.661348992189403,3241.305342000487,3241.305342000487,78.9805257415213,success
matrix_llama_gguf-q4_k_m_1024in_256out_c1,2026-06-17T16:36:06.585428+00:00,llama,qwen2.5-7b-instruct-Q4_K_M,gguf-q4_k_m,1024,256,1,3239.8298250000153,12.65558525390631,3239.8298250000153,3239.8298250000153,79.01649587413092,success
matrix_llama_gguf-q4_k_m_1024in_256out_c1,2026-06-17T16:36:06.585428+00:00,llama,qwen2.5-7b-instruct-Q4_K_M,gguf-q4_k_m,1024,256,1,3245.226152000214,12.676664656250836,3245.226152000214,3245.226152000214,78.88510322838762,success
matrix_llama_gguf-q4_k_m_1024in_256out_c1,2026-06-17T16:36:06.585428+00:00,llama,qwen2.5-7b-instruct-Q4_K_M,gguf-q4_k_m,1024,256,1,3245.4354490000696,12.677482222656522,3245.4354490000696,3245.4354490000696,78.88001595560144,success
matrix_llama_gguf-q4_k_m_1024in_256out_c1,2026-06-17T16:36:06.585428+00:00,llama,qwen2.5-7b-instruct-Q4_K_M,gguf-q4_k_m,1024,256,1,3261.0620850000487,12.73852376953144,3261.0620850000487,3261.0620850000487,78.50203195380016,success
matrix_llama_gguf-q4_k_m_1024in_256out_c1,2026-06-17T16:36:06.585428+00:00,llama,qwen2.5-7b-instruct-Q4_K_M,gguf-q4_k_m,1024,256,1,3245.782642999984,12.678838449218688,3245.782642999984,3245.782642999984,78.87157833938828,success
matrix_llama_gguf-q4_k_m_1024in_256out_c1,2026-06-17T16:36:06.585428+00:00,llama,qwen2.5-7b-instruct-Q4_K_M,gguf-q4_k_m,1024,256,1,3251.6277869999612,12.701671042968599,3251.6277869999612,3251.6277869999612,78.72979835622344,success
matrix_llama_gguf-q4_k_m_1024in_256out_c1,2026-06-17T16:36:06.585428+00:00,llama,qwen2.5-7b-instruct-Q4_K_M,gguf-q4_k_m,1024,256,1,3252.5522659998387,12.70528228906187,3252.5522659998387,3252.5522659998387,78.70742083872564,success
matrix_llama_gguf-q4_k_m_1024in_256out_c1,2026-06-17T16:36:06.585428+00:00,llama,qwen2.5-7b-instruct-Q4_K_M,gguf-q4_k_m,1024,256,1,3253.385308000361,12.70853635937641,3253.385308000361,3253.385308000361,78.68726749655919,success
matrix_llama_gguf-q4_k_m_1024in_256out_c1,2026-06-17T16:36:06.585428+00:00,llama,qwen2.5-7b-instruct-Q4_K_M,gguf-q4_k_m,1024,256,1,3245.1600740005233,12.676406539064544,3245.1600740005233,3245.1600740005233,78.8867094880814,success
matrix_llama_gguf-q4_k_m_1024in_256out_c1,2026-06-17T16:36:06.585428+00:00,llama,qwen2.5-7b-instruct-Q4_K_M,gguf-q4_k_m,1024,256,1,3256.7892380002377,12.721832960938428,3256.7892380002377,3256.7892380002377,78.60502516189575,success
matrix_llama_gguf-q4_k_m_1024in_256out_c1,2026-06-17T16:36:06.585428+00:00,llama,qwen2.5-7b-instruct-Q4_K_M,gguf-q4_k_m,1024,256,1,3249.225624000246,12.692287593750962,3249.225624000246,3249.225624000246,78.78800355046708,success
matrix_llama_gguf-q4_k_m_1024in_256out_c1,2026-06-17T16:36:06.585428+00:00,llama,qwen2.5-7b-instruct-Q4_K_M,gguf-q4_k_m,1024,256,1,3251.998437000111,12.703118894531684,3251.998437000111,3251.998437000111,78.72082504324747,success
matrix_llama_gguf-q4_k_m_1024in_256out_c1,2026-06-17T16:36:06.585428+00:00,llama,qwen2.5-7b-instruct-Q4_K_M,gguf-q4_k_m,1024,256,1,3251.707389999865,12.701981992186973,3251.707389999865,3251.707389999865,78.72787102163292,success
matrix_llama_gguf-q4_k_m_1024in_256out_c1,2026-06-17T16:36:06.585428+00:00,llama,qwen2.5-7b-instruct-Q4_K_M,gguf-q4_k_m,1024,256,1,3251.7652780006756,12.702208117190139,3251.7652780006756,3251.7652780006756,78.72646950624916,success
matrix_llama_gguf-q4_k_m_1024in_256out_c1,2026-06-17T16:36:06.585428+00:00,llama,qwen2.5-7b-instruct-Q4_K_M,gguf-q4_k_m,1024,256,1,3263.374794999436,12.747557792966546,3263.374794999436,3263.374794999436,78.44639861540766,success
matrix_llama_gguf-q4_k_m_1024in_256out_c1,2026-06-17T16:36:06.585428+00:00,llama,qwen2.5-7b-instruct-Q4_K_M,gguf-q4_k_m,1024,256,1,3248.9875669998582,12.691357683593196,3248.9875669998582,3248.9875669998582,78.79377643676011,success
matrix_llama_gguf-q4_k_m_1024in_256out_c1,2026-06-17T16:36:06.585428+00:00,llama,qwen2.5-7b-instruct-Q4_K_M,gguf-q4_k_m,1024,256,1,3250.720168999578,12.698125660154602,3250.720168999578,3250.720168999578,78.75178012593591,success
matrix_llama_gguf-q4_k_m_1024in_256out_c1,2026-06-17T16:36:06.585428+00:00,llama,qwen2.5-7b-instruct-Q4_K_M,gguf-q4_k_m,1024,256,1,3257.015457000307,12.722716628907449,3257.015457000307,3257.015457000307,78.599565577676,success
matrix_llama_gguf-q4_k_m_1024in_256out_c1,2026-06-17T16:36:06.585428+00:00,llama,qwen2.5-7b-instruct-Q4_K_M,gguf-q4_k_m,1024,256,1,3253.1897139997454,12.707772320311506,3253.1897139997454,3253.1897139997454,78.69199847101817,success
matrix_llama_gguf-q4_k_m_1024in_256out_c1,2026-06-17T16:36:06.585428+00:00,llama,qwen2.5-7b-instruct-Q4_K_M,gguf-q4_k_m,1024,256,1,3254.1120540008706,12.7113752109409,3254.1120540008706,3254.1120540008706,78.66969414444495,success
matrix_llama_gguf-q4_k_m_1024in_256out_c1,2026-06-17T16:36:06.585428+00:00,llama,qwen2.5-7b-instruct-Q4_K_M,gguf-q4_k_m,1024,256,1,3252.1546709995164,12.70372918359186,3252.1546709995164,3252.1546709995164,78.71704328297554,success
matrix_llama_gguf-q4_k_m_1024in_256out_c1,2026-06-17T16:36:06.585428+00:00,llama,qwen2.5-7b-instruct-Q4_K_M,gguf-q4_k_m,1024,256,1,3254.6815000005154,12.713599609377013,3254.6815000005154,3254.6815000005154,78.65592992738597,success
matrix_llama_gguf-q4_k_m_1024in_256out_c1,2026-06-17T16:36:06.585428+00:00,llama,qwen2.5-7b-instruct-Q4_K_M,gguf-q4_k_m,1024,256,1,3260.1028079998287,12.73477659374933,3260.1028079998287,3260.1028079998287,78.52513097802081,success
matrix_llama_gguf-q4_k_m_1024in_256out_c1,2026-06-17T16:36:06.585428+00:00,llama,qwen2.5-7b-instruct-Q4_K_M,gguf-q4_k_m,1024,256,1,3253.8190200002646,12.710230546876033,3253.8190200002646,3253.8190200002646,78.6767790176539,success
matrix_llama_gguf-q4_k_m_1024in_256out_c1,2026-06-17T16:36:06.585428+00:00,llama,qwen2.5-7b-instruct-Q4_K_M,gguf-q4_k_m,1024,256,1,3254.8324270001103,12.714189167969181,3254.8324270001103,3254.8324270001103,78.65228264176665,success
matrix_llama_gguf-q4_k_m_1024in_256out_c1,2026-06-17T16:36:06.585428+00:00,llama,qwen2.5-7b-instruct-Q4_K_M,gguf-q4_k_m,1024,256,1,3263.618542000586,12.748509929689789,3263.618542000586,3263.618542000586,78.44053975838517,success
matrix_llama_gguf-q4_k_m_1024in_256out_c4,2026-06-17T16:37:22.192077+00:00,llama,qwen2.5-7b-instruct-Q4_K_M,gguf-q4_k_m,1024,256,4,5369.874461000109,20.976072113281674,5369.874461000109,5369.874461000109,47.673367759201106,success
matrix_llama_gguf-q4_k_m_1024in_256out_c4,2026-06-17T16:37:22.192077+00:00,llama,qwen2.5-7b-instruct-Q4_K_M,gguf-q4_k_m,1024,256,4,5360.532769999736,20.93958113281147,5360.532769999736,5360.532769999736,47.75644716374201,success
matrix_llama_gguf-q4_k_m_1024in_256out_c4,2026-06-17T16:37:22.192077+00:00,llama,qwen2.5-7b-instruct-Q4_K_M,gguf-q4_k_m,1024,256,4,5339.142584000001,20.856025718750004,5339.142584000001,5339.142584000001,47.94777363076317,success
matrix_llama_gguf-q4_k_m_1024in_256out_c4,2026-06-17T16:37:22.192077+00:00,llama,qwen2.5-7b-instruct-Q4_K_M,gguf-q4_k_m,1024,256,4,5330.531077999694,20.822387023436306,5330.531077999694,5330.531077999694,48.025233556290445,success
matrix_llama_gguf-q4_k_m_1024in_256out_c4,2026-06-17T16:37:22.192077+00:00,llama,qwen2.5-7b-instruct-Q4_K_M,gguf-q4_k_m,1024,256,4,10621.420030000081,41.48992199218782,10621.420030000081,10621.420030000081,24.102238615639987,success
matrix_llama_gguf-q4_k_m_1024in_256out_c4,2026-06-17T16:37:22.192077+00:00,llama,qwen2.5-7b-instruct-Q4_K_M,gguf-q4_k_m,1024,256,4,10591.4641140007,41.37290669531524,10591.4641140007,10591.4641140007,24.170407154719747,success
matrix_llama_gguf-q4_k_m_1024in_256out_c4,2026-06-17T16:37:22.192077+00:00,llama,qwen2.5-7b-instruct-Q4_K_M,gguf-q4_k_m,1024,256,4,10602.451587999894,41.41582651562459,10602.451587999894,10602.451587999894,24.14535901203707,success
matrix_llama_gguf-q4_k_m_1024in_256out_c4,2026-06-17T16:37:22.192077+00:00,llama,qwen2.5-7b-instruct-Q4_K_M,gguf-q4_k_m,1024,256,4,10573.578194999754,41.30303982421779,10573.578194999754,10573.578194999754,24.211293024821288,success
matrix_llama_gguf-q4_k_m_1024in_256out_c4,2026-06-17T16:37:22.192077+00:00,llama,qwen2.5-7b-instruct-Q4_K_M,gguf-q4_k_m,1024,256,4,10707.194131000506,41.824977074220726,10707.194131000506,10707.194131000506,23.909158353522702,success
matrix_llama_gguf-q4_k_m_1024in_256out_c4,2026-06-17T16:37:22.192077+00:00,llama,qwen2.5-7b-instruct-Q4_K_M,gguf-q4_k_m,1024,256,4,10698.291433000122,41.79020091015673,10698.291433000122,10698.291433000122,23.92905461617341,success
matrix_llama_gguf-q4_k_m_1024in_256out_c4,2026-06-17T16:37:22.192077+00:00,llama,qwen2.5-7b-instruct-Q4_K_M,gguf-q4_k_m,1024,256,4,10675.842749000367,41.70251073828268,10675.842749000367,10675.842749000367,23.97937156052346,success
matrix_llama_gguf-q4_k_m_1024in_256out_c4,2026-06-17T16:37:22.192077+00:00,llama,qwen2.5-7b-instruct-Q4_K_M,gguf-q4_k_m,1024,256,4,10678.150034999817,41.711523574218035,10678.150034999817,10678.150034999817,23.974190207190173,success
matrix_llama_gguf-q4_k_m_1024in_256out_c4,2026-06-17T16:37:22.192077+00:00,llama,qwen2.5-7b-instruct-Q4_K_M,gguf-q4_k_m,1024,256,4,10645.89423400048,41.58552435156437,10645.89423400048,10645.89423400048,24.046829169352094,success
matrix_llama_gguf-q4_k_m_1024in_256out_c4,2026-06-17T16:37:22.192077+00:00,llama,qwen2.5-7b-instruct-Q4_K_M,gguf-q4_k_m,1024,256,4,10657.195863000197,41.62967133984452,10657.195863000197,10657.195863000197,24.021328245339323,success
matrix_llama_gguf-q4_k_m_1024in_256out_c4,2026-06-17T16:37:22.192077+00:00,llama,qwen2.5-7b-instruct-Q4_K_M,gguf-q4_k_m,1024,256,4,10624.235027000395,41.500918074220294,10624.235027000395,10624.235027000395,24.095852487205192,success
matrix_llama_gguf-q4_k_m_1024in_256out_c4,2026-06-17T16:37:22.192077+00:00,llama,qwen2.5-7b-instruct-Q4_K_M,gguf-q4_k_m,1024,256,4,10628.821708999567,41.51883480077956,10628.821708999567,10628.821708999567,24.085454343753018,success
matrix_llama_gguf-q4_k_m_1024in_256out_c4,2026-06-17T16:37:22.192077+00:00,llama,qwen2.5-7b-instruct-Q4_K_M,gguf-q4_k_m,1024,256,4,10568.758293999963,41.284212085937355,10568.758293999963,10568.758293999963,24.22233462802673,success
matrix_llama_gguf-q4_k_m_1024in_256out_c4,2026-06-17T16:37:22.192077+00:00,llama,qwen2.5-7b-instruct-Q4_K_M,gguf-q4_k_m,1024,256,4,10568.691207000484,41.28395002734564,10568.691207000484,10568.691207000484,24.22248838441139,success
matrix_llama_gguf-q4_k_m_1024in_256out_c4,2026-06-17T16:37:22.192077+00:00,llama,qwen2.5-7b-instruct-Q4_K_M,gguf-q4_k_m,1024,256,4,10557.631345999653,41.24074744531114,10557.631345999653,10557.631345999653,24.247863143753346,success
matrix_llama_gguf-q4_k_m_1024in_256out_c4,2026-06-17T16:37:22.192077+00:00,llama,qwen2.5-7b-instruct-Q4_K_M,gguf-q4_k_m,1024,256,4,10547.901298999932,41.202739449218484,10547.901298999932,10547.901298999932,24.270230896479084,success
matrix_llama_gguf-q4_k_m_1024in_256out_c4,2026-06-17T16:37:22.192077+00:00,llama,qwen2.5-7b-instruct-Q4_K_M,gguf-q4_k_m,1024,256,4,10539.914642999975,41.17154157421865,10539.914642999975,10539.914642999975,24.288621746099334,success
matrix_llama_gguf-q4_k_m_1024in_256out_c4,2026-06-17T16:37:22.192077+00:00,llama,qwen2.5-7b-instruct-Q4_K_M,gguf-q4_k_m,1024,256,4,10539.764117999766,41.17095358593659,10539.764117999766,10539.764117999766,24.288968627182484,success
matrix_llama_gguf-q4_k_m_1024in_256out_c4,2026-06-17T16:37:22.192077+00:00,llama,qwen2.5-7b-instruct-Q4_K_M,gguf-q4_k_m,1024,256,4,10517.673813000329,41.084663332032534,10517.673813000329,10517.673813000329,24.339982828101423,success
matrix_llama_gguf-q4_k_m_1024in_256out_c4,2026-06-17T16:37:22.192077+00:00,llama,qwen2.5-7b-instruct-Q4_K_M,gguf-q4_k_m,1024,256,4,10518.964863999827,41.08970649999932,10518.964863999827,10518.964863999827,24.336995446779753,success
matrix_llama_gguf-q4_k_m_1024in_256out_c4,2026-06-17T16:37:22.192077+00:00,llama,qwen2.5-7b-instruct-Q4_K_M,gguf-q4_k_m,1024,256,4,10553.493862000323,41.22458539843876,10553.493862000323,10553.493862000323,24.25736948801119,success
matrix_llama_gguf-q4_k_m_1024in_256out_c4,2026-06-17T16:37:22.192077+00:00,llama,qwen2.5-7b-instruct-Q4_K_M,gguf-q4_k_m,1024,256,4,10555.293065000114,41.2316135351567,10555.293065000114,10555.293065000114,24.253234696899174,success
matrix_llama_gguf-q4_k_m_1024in_256out_c4,2026-06-17T16:37:22.192077+00:00,llama,qwen2.5-7b-instruct-Q4_K_M,gguf-q4_k_m,1024,256,4,10532.58988900052,41.14292925390828,10532.58988900052,10532.58988900052,24.305512955303428,success
matrix_llama_gguf-q4_k_m_1024in_256out_c4,2026-06-17T16:37:22.192077+00:00,llama,qwen2.5-7b-instruct-Q4_K_M,gguf-q4_k_m,1024,256,4,10534.18582499944,41.14916337890406,10534.18582499944,10534.18582499944,24.30183065429393,success
matrix_llama_gguf-q4_k_m_1024in_256out_c4,2026-06-17T16:37:22.192077+00:00,llama,qwen2.5-7b-instruct-Q4_K_M,gguf-q4_k_m,1024,256,4,6542.811175999304,25.557856156247283,6542.811175999304,6542.811175999304,39.126912440798094,success
matrix_llama_gguf-q4_k_m_1024in_256out_c4,2026-06-17T16:37:22.192077+00:00,llama,qwen2.5-7b-instruct-Q4_K_M,gguf-q4_k_m,1024,256,4,6532.049712000116,25.515819187500455,6532.049712000116,6532.049712000116,39.19137350251621,success
matrix_llama_gguf-q4_k_m_1024in_256out_c8,2026-06-17T16:38:39.230075+00:00,llama,qwen2.5-7b-instruct-Q4_K_M,gguf-q4_k_m,1024,256,8,7096.118582000599,27.71921321093984,7096.118582000599,7096.118582000599,36.07606003785611,success
matrix_llama_gguf-q4_k_m_1024in_256out_c8,2026-06-17T16:38:39.230075+00:00,llama,qwen2.5-7b-instruct-Q4_K_M,gguf-q4_k_m,1024,256,8,17707.312866999928,69.16919088671847,17707.312866999928,17707.312866999928,14.457303709649366,success
matrix_llama_gguf-q4_k_m_1024in_256out_c8,2026-06-17T16:38:39.230075+00:00,llama,qwen2.5-7b-instruct-Q4_K_M,gguf-q4_k_m,1024,256,8,17666.967828999987,69.0115930820312,17666.967828999987,17666.967828999987,14.490319022361096,success
matrix_llama_gguf-q4_k_m_1024in_256out_c8,2026-06-17T16:38:39.230075+00:00,llama,qwen2.5-7b-instruct-Q4_K_M,gguf-q4_k_m,1024,256,8,7066.265260999899,27.602598675780854,7066.265260999899,7066.265260999899,36.22847296901153,success
matrix_llama_gguf-q4_k_m_1024in_256out_c8,2026-06-17T16:38:39.230075+00:00,llama,qwen2.5-7b-instruct-Q4_K_M,gguf-q4_k_m,1024,256,8,7053.549078000287,27.552926085938623,7053.549078000287,7053.549078000287,36.293785889780345,success
matrix_llama_gguf-q4_k_m_1024in_256out_c8,2026-06-17T16:38:39.230075+00:00,llama,qwen2.5-7b-instruct-Q4_K_M,gguf-q4_k_m,1024,256,8,17639.369120000083,68.90378562500032,17639.369120000083,17639.369120000083,14.512990700429246,success
matrix_llama_gguf-q4_k_m_1024in_256out_c8,2026-06-17T16:38:39.230075+00:00,llama,qwen2.5-7b-instruct-Q4_K_M,gguf-q4_k_m,1024,256,8,7015.182076999736,27.403054988280218,7015.182076999736,7015.182076999736,36.49228162435472,success
matrix_llama_gguf-q4_k_m_1024in_256out_c8,2026-06-17T16:38:39.230075+00:00,llama,qwen2.5-7b-instruct-Q4_K_M,gguf-q4_k_m,1024,256,8,17607.97570900013,68.78115511328176,17607.97570900013,17607.97570900013,14.538866036096831,success
matrix_llama_gguf-q4_k_m_1024in_256out_c8,2026-06-17T16:38:39.230075+00:00,llama,qwen2.5-7b-instruct-Q4_K_M,gguf-q4_k_m,1024,256,8,21273.00614700016,83.09768026171938,21273.00614700016,21273.00614700016,12.034030274376626,success
matrix_llama_gguf-q4_k_m_1024in_256out_c8,2026-06-17T16:38:39.230075+00:00,llama,qwen2.5-7b-instruct-Q4_K_M,gguf-q4_k_m,1024,256,8,21263.09441400008,83.05896255468781,21263.09441400008,21263.09441400008,12.03963990450252,success
matrix_llama_gguf-q4_k_m_1024in_256out_c8,2026-06-17T16:38:39.230075+00:00,llama,qwen2.5-7b-instruct-Q4_K_M,gguf-q4_k_m,1024,256,8,21254.631720999896,83.02590516015584,21254.631720999896,21254.631720999896,12.044433578544114,success
matrix_llama_gguf-q4_k_m_1024in_256out_c8,2026-06-17T16:38:39.230075+00:00,llama,qwen2.5-7b-instruct-Q4_K_M,gguf-q4_k_m,1024,256,8,21234.310273999654,82.94652450781115,21234.310273999654,21234.310273999654,12.055960221767087,success
matrix_llama_gguf-q4_k_m_1024in_256out_c8,2026-06-17T16:38:39.230075+00:00,llama,qwen2.5-7b-instruct-Q4_K_M,gguf-q4_k_m,1024,256,8,21236.490293000315,82.95504020703248,21236.490293000315,21236.490293000315,12.054722624499739,success
matrix_llama_gguf-q4_k_m_1024in_256out_c8,2026-06-17T16:38:39.230075+00:00,llama,qwen2.5-7b-instruct-Q4_K_M,gguf-q4_k_m,1024,256,8,21225.674805999915,82.91279221093717,21225.674805999915,21225.674805999915,12.060865076837784,success
matrix_llama_gguf-q4_k_m_1024in_256out_c8,2026-06-17T16:38:39.230075+00:00,llama,qwen2.5-7b-instruct-Q4_K_M,gguf-q4_k_m,1024,256,8,21225.962772000457,82.91391707812679,21225.962772000457,21225.962772000457,12.060701450852166,success
matrix_llama_gguf-q4_k_m_1024in_256out_c8,2026-06-17T16:38:39.230075+00:00,llama,qwen2.5-7b-instruct-Q4_K_M,gguf-q4_k_m,1024,256,8,21192.100298000696,82.78164178906522,21192.100298000696,21192.100298000696,12.079973027692377,success
matrix_llama_gguf-q4_k_m_1024in_256out_c8,2026-06-17T16:38:39.230075+00:00,llama,qwen2.5-7b-instruct-Q4_K_M,gguf-q4_k_m,1024,256,8,21171.189904999665,82.69996056640494,21171.189904999665,21171.189904999665,12.091904193799921,success
matrix_llama_gguf-q4_k_m_1024in_256out_c8,2026-06-17T16:38:39.230075+00:00,llama,qwen2.5-7b-instruct-Q4_K_M,gguf-q4_k_m,1024,256,8,21172.867248999864,82.70651269140572,21172.867248999864,21172.867248999864,12.090946256326836,success
matrix_llama_gguf-q4_k_m_1024in_256out_c8,2026-06-17T16:38:39.230075+00:00,llama,qwen2.5-7b-instruct-Q4_K_M,gguf-q4_k_m,1024,256,8,21163.472637999803,82.66981499218673,21163.472637999803,21163.472637999803,12.096313510493664,success
matrix_llama_gguf-q4_k_m_1024in_256out_c8,2026-06-17T16:38:39.230075+00:00,llama,qwen2.5-7b-instruct-Q4_K_M,gguf-q4_k_m,1024,256,8,21153.691542999695,82.63160758984256,21153.691542999695,21153.691542999695,12.101906633157702,success
matrix_llama_gguf-q4_k_m_1024in_256out_c8,2026-06-17T16:38:39.230075+00:00,llama,qwen2.5-7b-instruct-Q4_K_M,gguf-q4_k_m,1024,256,8,21249.16050899992,83.00453323828094,21249.16050899992,21249.16050899992,12.047534766918115,success
matrix_llama_gguf-q4_k_m_1024in_256out_c8,2026-06-17T16:38:39.230075+00:00,llama,qwen2.5-7b-instruct-Q4_K_M,gguf-q4_k_m,1024,256,8,21238.85985099969,82.96429629296753,21238.85985099969,21238.85985099969,12.053377714056076,success
matrix_llama_gguf-q4_k_m_1024in_256out_c8,2026-06-17T16:38:39.230075+00:00,llama,qwen2.5-7b-instruct-Q4_K_M,gguf-q4_k_m,1024,256,8,21218.279851999796,82.8839056718742,21218.279851999796,21218.279851999796,12.06506850628951,success
matrix_llama_gguf-q4_k_m_1024in_256out_c8,2026-06-17T16:38:39.230075+00:00,llama,qwen2.5-7b-instruct-Q4_K_M,gguf-q4_k_m,1024,256,8,21209.26307800073,82.84868389844036,21209.26307800073,21209.26307800073,12.070197774364708,success
matrix_llama_gguf-q4_k_m_1024in_256out_c8,2026-06-17T16:38:39.230075+00:00,llama,qwen2.5-7b-instruct-Q4_K_M,gguf-q4_k_m,1024,256,8,21015.071902000273,82.09012461718856,21015.071902000273,21015.071902000273,12.181733243350607,success
matrix_llama_gguf-q4_k_m_1024in_256out_c8,2026-06-17T16:38:39.230075+00:00,llama,qwen2.5-7b-instruct-Q4_K_M,gguf-q4_k_m,1024,256,8,21003.34460600061,82.04431486718988,21003.34460600061,21003.34460600061,12.188534959658822,success
matrix_llama_gguf-q4_k_m_1024in_256out_c8,2026-06-17T16:38:39.230075+00:00,llama,qwen2.5-7b-instruct-Q4_K_M,gguf-q4_k_m,1024,256,8,20992.791949000093,82.00309355078161,20992.791949000093,20992.791949000093,12.194661892611837,success
matrix_llama_gguf-q4_k_m_1024in_256out_c8,2026-06-17T16:38:39.230075+00:00,llama,qwen2.5-7b-instruct-Q4_K_M,gguf-q4_k_m,1024,256,8,20981.566278999708,81.95924327734261,20981.566278999708,20981.566278999708,12.201186345951136,success
matrix_llama_gguf-q4_k_m_1024in_256out_c8,2026-06-17T16:38:39.230075+00:00,llama,qwen2.5-7b-instruct-Q4_K_M,gguf-q4_k_m,1024,256,8,16838.192772000184,65.77419051562572,16838.192772000184,16838.192772000184,15.203531843731835,success
matrix_llama_gguf-q4_k_m_1024in_256out_c8,2026-06-17T16:38:39.230075+00:00,llama,qwen2.5-7b-instruct-Q4_K_M,gguf-q4_k_m,1024,256,8,16828.252981000333,65.73536320703255,16828.252981000333,16828.252981000333,15.212511975487454,success
matrix_llama_gguf-q4_k_m_1024in_256out_c16,2026-06-17T16:39:56.620654+00:00,llama,qwen2.5-7b-instruct-Q4_K_M,gguf-q4_k_m,1024,256,16,7184.313122999811,28.06372313671801,7184.313122999811,7184.313122999811,35.63319076119377,success
matrix_llama_gguf-q4_k_m_1024in_256out_c16,2026-06-17T16:39:56.620654+00:00,llama,qwen2.5-7b-instruct-Q4_K_M,gguf-q4_k_m,1024,256,16,17828.595001000394,69.64294922265779,17828.595001000394,17828.595001000394,14.358955373972844,success
matrix_llama_gguf-q4_k_m_1024in_256out_c16,2026-06-17T16:39:56.620654+00:00,llama,qwen2.5-7b-instruct-Q4_K_M,gguf-q4_k_m,1024,256,16,7143.268918000103,27.903394210937904,7143.268918000103,7143.268918000103,35.83793399614475,success
matrix_llama_gguf-q4_k_m_1024in_256out_c16,2026-06-17T16:39:56.620654+00:00,llama,qwen2.5-7b-instruct-Q4_K_M,gguf-q4_k_m,1024,256,16,7138.883536999856,27.886263816405688,7138.883536999856,7138.883536999856,35.85994906250915,success
matrix_llama_gguf-q4_k_m_1024in_256out_c16,2026-06-17T16:39:56.620654+00:00,llama,qwen2.5-7b-instruct-Q4_K_M,gguf-q4_k_m,1024,256,16,17790.433552999275,69.49388106640342,17790.433552999275,17790.433552999275,14.389756114563108,success
matrix_llama_gguf-q4_k_m_1024in_256out_c16,2026-06-17T16:39:56.620654+00:00,llama,qwen2.5-7b-instruct-Q4_K_M,gguf-q4_k_m,1024,256,16,7126.7258580001,27.83877288281289,7126.7258580001,7126.7258580001,35.92112354267527,success
matrix_llama_gguf-q4_k_m_1024in_256out_c16,2026-06-17T16:39:56.620654+00:00,llama,qwen2.5-7b-instruct-Q4_K_M,gguf-q4_k_m,1024,256,16,28588.486292999733,111.6737745820302,28588.486292999733,28588.486292999733,8.95465389025109,success
matrix_llama_gguf-q4_k_m_1024in_256out_c16,2026-06-17T16:39:56.620654+00:00,llama,qwen2.5-7b-instruct-Q4_K_M,gguf-q4_k_m,1024,256,16,17739.816771999358,69.29615926562249,17739.816771999358,17739.816771999358,14.430814212471013,success
matrix_llama_gguf-q4_k_m_1024in_256out_c16,2026-06-17T16:39:56.620654+00:00,llama,qwen2.5-7b-instruct-Q4_K_M,gguf-q4_k_m,1024,256,16,28546.372093000173,111.50926598828192,28546.372093000173,28546.372093000173,8.967864608714097,success
matrix_llama_gguf-q4_k_m_1024in_256out_c16,2026-06-17T16:39:56.620654+00:00,llama,qwen2.5-7b-instruct-Q4_K_M,gguf-q4_k_m,1024,256,16,17712.707769999724,69.19026472656142,17712.707769999724,17712.707769999724,14.452900331455307,success
matrix_llama_gguf-q4_k_m_1024in_256out_c16,2026-06-17T16:39:56.620654+00:00,llama,qwen2.5-7b-instruct-Q4_K_M,gguf-q4_k_m,1024,256,16,39218.460543999754,153.19711149999904,39218.460543999754,39218.460543999754,6.5275382166719655,success
matrix_llama_gguf-q4_k_m_1024in_256out_c16,2026-06-17T16:39:56.620654+00:00,llama,qwen2.5-7b-instruct-Q4_K_M,gguf-q4_k_m,1024,256,16,28531.34700800001,111.45057425000005,28531.34700800001,28531.34700800001,8.972587236355128,success
matrix_llama_gguf-q4_k_m_1024in_256out_c16,2026-06-17T16:39:56.620654+00:00,llama,qwen2.5-7b-instruct-Q4_K_M,gguf-q4_k_m,1024,256,16,28499.373446999925,111.32567752734346,28499.373446999925,28499.373446999925,8.982653617844663,success
matrix_llama_gguf-q4_k_m_1024in_256out_c16,2026-06-17T16:39:56.620654+00:00,llama,qwen2.5-7b-instruct-Q4_K_M,gguf-q4_k_m,1024,256,16,39207.880724999995,153.15578408203123,39207.880724999995,39207.880724999995,6.529299601668282,success
matrix_llama_gguf-q4_k_m_1024in_256out_c16,2026-06-17T16:39:56.620654+00:00,llama,qwen2.5-7b-instruct-Q4_K_M,gguf-q4_k_m,1024,256,16,39197.36435399955,153.11470450781073,39197.36435399955,39197.36435399955,6.531051365801302,success
matrix_llama_gguf-q4_k_m_1024in_256out_c16,2026-06-17T16:39:56.620654+00:00,llama,qwen2.5-7b-instruct-Q4_K_M,gguf-q4_k_m,1024,256,16,39166.52794699985,152.99424979296816,39166.52794699985,39166.52794699985,6.536193362516566,success
matrix_llama_gguf-q4_k_m_1024in_256out_c16,2026-06-17T16:39:56.620654+00:00,llama,qwen2.5-7b-instruct-Q4_K_M,gguf-q4_k_m,1024,256,16,42751.562381999975,166.9982905546874,42751.562381999975,42751.562381999975,5.988085247330883,success
matrix_llama_gguf-q4_k_m_1024in_256out_c16,2026-06-17T16:39:56.620654+00:00,llama,qwen2.5-7b-instruct-Q4_K_M,gguf-q4_k_m,1024,256,16,42741.71299799946,166.95981639843538,42741.71299799946,42741.71299799946,5.989465139405671,success
matrix_llama_gguf-q4_k_m_1024in_256out_c16,2026-06-17T16:39:56.620654+00:00,llama,qwen2.5-7b-instruct-Q4_K_M,gguf-q4_k_m,1024,256,16,42731.27184100031,166.91903062890745,42731.27184100031,42731.27184100031,5.9909286330759315,success
matrix_llama_gguf-q4_k_m_1024in_256out_c16,2026-06-17T16:39:56.620654+00:00,llama,qwen2.5-7b-instruct-Q4_K_M,gguf-q4_k_m,1024,256,16,42719.48624499964,166.87299314452986,42719.48624499964,42719.48624499964,5.992581430680596,success
matrix_llama_gguf-q4_k_m_1024in_256out_c16,2026-06-17T16:39:56.620654+00:00,llama,qwen2.5-7b-instruct-Q4_K_M,gguf-q4_k_m,1024,256,16,42594.33643600005,166.3841267031252,42594.33643600005,42594.33643600005,6.010188710995693,success
matrix_llama_gguf-q4_k_m_1024in_256out_c16,2026-06-17T16:39:56.620654+00:00,llama,qwen2.5-7b-instruct-Q4_K_M,gguf-q4_k_m,1024,256,16,42584.67479800038,166.34638592968898,42584.67479800038,42584.67479800038,6.011552306418478,success
matrix_llama_gguf-q4_k_m_1024in_256out_c16,2026-06-17T16:39:56.620654+00:00,llama,qwen2.5-7b-instruct-Q4_K_M,gguf-q4_k_m,1024,256,16,42572.26929599983,166.29792693749934,42572.26929599983,42572.26929599983,6.0133040646732505,success
matrix_llama_gguf-q4_k_m_1024in_256out_c16,2026-06-17T16:39:56.620654+00:00,llama,qwen2.5-7b-instruct-Q4_K_M,gguf-q4_k_m,1024,256,16,42558.69635899944,166.24490765234157,42558.69635899944,42558.69635899944,6.015221844215779,success
matrix_llama_gguf-q4_k_m_1024in_256out_c16,2026-06-17T16:39:56.620654+00:00,llama,qwen2.5-7b-instruct-Q4_K_M,gguf-q4_k_m,1024,256,16,42300.82053800015,165.2375802265631,42300.82053800015,42300.82053800015,6.051892061290565,success
matrix_llama_gguf-q4_k_m_1024in_256out_c16,2026-06-17T16:39:56.620654+00:00,llama,qwen2.5-7b-instruct-Q4_K_M,gguf-q4_k_m,1024,256,16,42290.829034000126,165.198550914063,42290.829034000126,42290.829034000126,6.053321863096755,success
matrix_llama_gguf-q4_k_m_1024in_256out_c16,2026-06-17T16:39:56.620654+00:00,llama,qwen2.5-7b-instruct-Q4_K_M,gguf-q4_k_m,1024,256,16,42279.51231499992,165.15434498046844,42279.51231499992,42279.51231499992,6.054942121675712,success
matrix_llama_gguf-q4_k_m_1024in_256out_c16,2026-06-17T16:39:56.620654+00:00,llama,qwen2.5-7b-instruct-Q4_K_M,gguf-q4_k_m,1024,256,16,42258.144981999976,165.0708788359374,42258.144981999976,42258.144981999976,6.058003731802335,success
matrix_llama_gguf-q4_k_m_1024in_256out_c16,2026-06-17T16:39:56.620654+00:00,llama,qwen2.5-7b-instruct-Q4_K_M,gguf-q4_k_m,1024,256,16,38026.67874999952,148.54171386718562,38026.67874999952,38026.67874999952,6.732115672868308,success
matrix_llama_gguf-q4_k_m_1024in_256out_c16,2026-06-17T16:39:56.620654+00:00,llama,qwen2.5-7b-instruct-Q4_K_M,gguf-q4_k_m,1024,256,16,38017.29506000083,148.50505882812826,38017.29506000083,38017.29506000083,6.733777339917734,success
